age_group,city_tier,business_type,industry,revenue,credit_need,payment_delay,digital,interest,loan_size
0,0,0,0,0,0,0,0,0,0
1,0,1,0,1,0,0,0,0,1
2,1,2,1,2,1,1,0,0,2
1,2,0,1,3,1,1,0,0,3
1,0,0,2,3,0,2,0,0,4
3,3,1,1,0,2,2,0,0,5
2,0,3,0,1,1,3,1,1,6
2,1,2,3,1,0,0,0,0,7
2,3,2,0,0,3,0,1,1,8
1,1,3,2,3,3,1,0,0,9
0,3,3,0,2,1,1,1,1,10
2,4,3,3,3,2,3,0,0,11
1,2,1,1,1,3,0,1,1,12
3,2,1,3,3,3,2,0,0,13
0,1,2,1,2,3,4,0,0,14
3,2,1,1,4,2,3,0,0,15
0,1,0,0,3,2,4,0,0,16
1,1,2,0,0,1,2,1,1,17
4,1,1,0,4,1,2,0,0,18
0,2,3,2,0,3,4,0,0,19
3,1,0,0,0,2,3,1,1,20
1,2,3,2,0,0,4,0,0,21
0,1,2,0,3,3,3,1,1,22
4,0,3,1,1,1,3,1,1,23
4,1,1,2,4,2,1,0,0,24
2,3,1,3,2,1,0,0,0,25
2,1,2,2,1,1,0,1,1,26
3,4,3,2,3,2,2,0,0,27
0,1,2,3,0,3,1,1,1,28
0,3,3,2,2,2,0,0,0,29
2,3,0,1,4,3,3,0,0,30
0,2,1,0,1,1,3,1,1,31
0,0,2,3,1,2,4,0,0,32
4,1,0,0,2,0,4,0,0,33
2,2,0,1,3,3,3,0,0,34
1,0,2,3,4,0,3,1,1,35
2,1,2,0,2,3,4,0,0,36
1,4,0,0,0,2,0,1,1,37
4,1,3,1,4,0,2,0,0,38
3,3,0,0,1,2,4,1,0,39
0,3,2,1,2,3,0,0,0,40
4,4,0,2,1,3,0,0,0,41
0,2,3,1,1,3,0,1,1,42
3,0,1,2,1,3,1,0,0,43
3,1,1,3,3,1,1,1,1,44
4,3,0,0,1,3,0,0,0,45
3,2,3,1,0,0,3,1,1,46
1,4,1,1,0,3,1,0,0,47
3,3,0,0,4,2,4,1,0,48
0,4,0,0,1,1,1,0,0,49
0,1,3,3,1,0,3,1,1,50
0,0,2,3,2,1,2,1,1,51
0,3,0,1,3,1,1,0,0,52
1,3,2,3,4,1,0,1,1,53
2,1,2,2,1,2,0,1,1,54
4,2,1,3,2,1,0,0,0,55
0,0,2,3,3,1,2,0,0,56
3,3,3,1,4,3,3,0,0,57
0,0,1,2,4,2,4,0,0,58
3,3,1,3,1,0,3,0,0,59
3,0,1,2,4,0,2,0,0,60
0,4,0,2,2,0,0,1,1,61
1,3,0,2,4,2,3,1,1,62
3,0,2,0,0,0,4,1,0,63
3,2,1,0,2,2,0,0,0,64
0,4,1,0,3,3,4,0,0,65
3,4,3,0,3,3,1,1,1,66
3,2,2,1,1,2,4,1,0,67
0,0,3,3,1,0,0,0,0,68
0,1,2,0,0,2,1,1,0,69
4,2,2,1,3,2,0,0,0,70
1,0,0,3,3,1,0,0,0,71
1,2,0,0,3,2,1,1,0,72
3,2,3,3,3,1,4,0,0,73
1,3,2,0,4,3,2,0,0,74
3,0,1,1,2,1,2,0,0,75
4,1,0,2,2,2,2,0,0,76
0,3,1,2,0,3,2,1,1,77
0,2,3,3,4,1,3,0,0,78
0,2,0,1,3,2,2,0,0,79
1,2,0,2,3,3,1,1,1,80
4,0,2,0,1,1,2,0,0,81
1,0,3,2,1,2,0,0,0,82
1,3,2,3,0,2,2,1,0,83
4,1,0,3,3,0,4,1,0,84
4,3,3,1,0,0,1,0,0,85
4,4,0,3,4,1,1,0,0,86
4,2,3,2,2,1,3,1,1,87
0,2,0,2,3,1,0,0,0,88
2,2,1,2,4,2,1,0,0,89
2,3,1,2,3,1,4,0,0,90
4,3,2,1,1,2,2,1,0,91
2,2,1,0,0,1,1,0,0,92
2,3,0,0,1,2,4,1,0,93
4,0,0,1,2,2,2,1,0,94
2,0,1,3,1,0,3,1,1,95
1,3,2,0,3,3,1,1,1,96
3,2,1,3,1,2,1,0,0,97
3,3,3,0,3,1,4,1,1,98
4,3,3,3,2,0,0,0,0,99
0,3,3,1,1,1,3,1,1,100
4,4,1,2,0,1,0,1,1,101
0,0,1,3,0,2,1,0,0,102
3,1,1,2,0,2,0,1,1,103
4,1,3,3,1,3,2,1,1,104
1,4,2,3,1,2,3,0,0,105
2,3,0,3,1,2,0,1,1,106
0,4,1,3,3,3,2,1,1,107
2,4,2,3,2,1,4,1,1,108
2,2,0,2,0,3,0,0,0,109
4,0,0,3,3,3,3,1,1,110
2,1,0,2,0,3,2,0,0,111
1,3,2,1,3,0,0,0,0,112
2,1,2,0,1,1,4,0,0,113
4,1,3,3,0,0,0,1,1,114
1,0,2,0,1,0,2,1,0,115
3,1,2,2,0,2,0,1,1,116
2,1,2,1,4,3,3,1,1,117
4,4,0,1,3,3,1,0,0,118
3,0,1,1,4,0,2,0,0,119
3,2,3,0,3,2,2,1,0,120
0,3,1,2,2,2,2,1,0,121
1,1,1,3,0,2,2,0,0,122
2,3,2,3,2,1,0,1,1,123
4,2,3,2,2,0,3,1,1,124
0,3,1,0,3,1,4,1,1,125
1,2,1,3,4,2,3,1,1,126
0,4,3,2,1,2,2,1,0,127
1,1,2,3,3,2,0,1,1,128
1,2,1,1,1,3,0,0,0,129
2,3,0,3,2,0,2,0,0,130
1,1,1,0,1,3,0,0,0,131
0,4,0,2,4,1,2,0,0,132
1,1,2,0,3,3,3,1,1,133
2,2,1,2,4,0,1,1,0,134
2,4,3,1,4,3,0,0,0,135
0,3,3,2,3,2,2,0,0,136
3,4,1,3,4,1,2,0,0,137
3,4,2,3,0,1,0,0,0,138
1,0,2,1,0,2,4,0,0,139
4,4,3,2,0,2,2,1,0,140
1,4,1,1,1,2,0,1,1,141
0,1,2,3,4,0,2,0,0,142
0,3,3,0,3,3,4,0,0,143
0,1,0,1,3,1,1,1,1,144
0,1,1,0,1,3,4,1,1,145
0,2,0,0,3,2,3,1,1,146
2,1,0,2,0,2,0,0,0,147
3,0,2,1,4,3,4,1,1,148
0,0,2,0,3,1,1,0,0,149
4,2,2,0,3,0,2,0,0,150
4,3,1,2,2,3,0,1,1,151
4,3,0,2,2,2,4,1,0,152
4,1,1,3,2,2,1,1,0,153
2,1,2,0,4,0,4,0,0,154
4,1,0,3,0,3,3,1,1,155
0,3,1,0,0,0,0,1,1,156
1,4,1,3,0,0,2,0,0,157
4,0,3,2,4,1,1,1,1,158
2,4,1,1,4,1,4,1,1,159
2,4,2,2,2,2,0,0,0,160
4,3,1,3,3,3,4,0,0,161
1,4,0,3,1,1,0,0,0,162
4,2,1,1,1,2,3,0,0,163
2,1,3,0,3,3,4,0,0,164
3,2,0,3,2,2,3,1,1,165
0,0,0,3,3,1,1,1,1,166
2,1,3,3,3,2,3,0,0,167
4,4,2,1,1,3,0,1,1,168
0,0,0,2,2,3,1,1,1,169
4,1,2,3,4,2,4,0,0,170
4,4,0,1,1,3,4,0,0,171
3,2,0,3,4,2,0,0,0,172
0,1,2,0,2,3,2,1,1,173
0,4,0,1,3,2,2,0,0,174
3,2,2,3,0,2,4,1,0,175
2,0,3,1,0,2,0,1,1,176
4,0,2,3,2,0,2,1,0,177
1,0,3,2,0,3,3,1,1,178
4,0,0,3,4,1,4,0,0,179
4,3,2,1,0,2,3,1,1,180
2,1,0,0,2,0,0,0,0,181
4,1,2,0,2,1,3,1,1,182
3,3,3,0,4,2,2,0,0,183
3,4,3,3,0,1,2,0,0,184
0,4,2,2,0,0,1,0,0,185
1,0,3,3,3,1,4,1,1,186
4,2,0,0,1,2,0,1,1,187
4,4,0,1,2,1,4,1,1,188
2,2,1,0,3,1,3,0,0,189
3,1,3,1,2,2,0,1,1,190
1,2,0,2,3,0,0,1,1,191
0,1,2,1,1,0,2,1,0,192
3,3,3,3,3,1,3,0,0,193
0,3,0,3,2,3,2,1,1,194
2,0,3,3,0,1,2,1,1,195
2,4,2,1,2,3,1,0,0,196
4,0,0,3,4,1,2,0,0,197
1,1,1,3,4,0,4,0,0,198
0,0,1,3,4,1,0,0,0,199
3,2,3,2,4,1,2,0,0,200
2,1,2,1,1,3,4,0,0,201
4,3,0,1,0,0,3,1,1,202
4,4,2,0,0,3,0,1,1,203
0,1,0,1,2,1,3,0,0,204
2,1,3,2,3,2,4,1,0,205
1,2,0,1,2,1,3,0,0,206
2,4,2,2,2,1,3,1,1,207
0,3,2,2,2,3,3,0,0,208
0,1,3,1,2,2,2,0,0,209
2,1,2,0,0,2,2,1,0,210
0,2,0,3,3,3,2,1,1,211
2,0,3,3,2,0,0,1,1,212
3,3,0,1,0,2,4,1,0,213
2,4,2,1,2,2,2,1,0,214
2,1,3,2,4,3,3,1,1,215
0,1,0,1,2,0,3,1,1,216
0,3,2,2,2,0,3,1,1,217
4,0,2,0,1,1,3,0,0,218
4,1,1,1,4,1,1,1,1,219
3,3,2,3,3,3,0,1,1,220
4,2,0,3,2,0,4,0,0,221
2,0,3,1,3,3,4,0,0,222
0,4,1,2,4,1,2,0,0,223
4,1,2,3,2,3,1,0,0,224
4,3,2,2,1,3,4,1,1,225
3,2,2,1,0,2,0,1,1,226
3,4,0,1,1,2,3,0,0,227
2,3,1,3,1,2,2,0,0,228
0,3,0,1,0,1,0,1,1,229
3,4,1,0,0,3,4,1,1,230
4,2,3,0,0,2,1,1,0,231
0,2,0,3,2,2,2,1,0,232
0,0,0,0,3,2,4,0,0,233
4,1,3,2,3,1,2,1,1,234
3,4,1,3,0,1,4,0,0,235
4,4,2,3,1,3,3,0,0,236
0,4,3,2,4,3,1,0,0,237
1,2,2,0,0,3,3,1,1,238
1,1,2,0,1,2,4,0,0,239
2,0,3,0,1,0,0,1,1,240
4,3,1,3,2,1,3,0,0,241
4,3,2,3,2,2,0,1,1,242
2,4,3,0,3,2,4,0,0,243
2,1,0,1,3,3,1,0,0,244
2,2,0,0,4,3,0,1,1,245
0,1,0,2,4,2,4,1,0,246
4,1,3,3,4,1,0,0,0,247
0,2,0,2,4,1,3,0,0,248
2,4,2,2,1,2,4,1,0,249
4,1,0,3,1,0,3,0,0,250
0,3,0,1,3,0,2,1,0,251
0,2,2,0,2,1,4,1,1,252
2,0,0,2,2,3,0,0,0,253
4,4,2,3,0,0,2,1,0,254
2,2,0,2,1,0,3,0,0,255
4,0,2,0,4,3,3,1,1,256
1,0,0,1,4,0,0,1,1,257
3,1,2,1,0,2,2,0,0,258
3,1,3,1,2,0,1,1,0,259
3,1,2,3,4,3,0,0,0,260
2,2,0,3,2,2,3,1,1,261
1,2,0,1,0,0,4,1,0,262
4,4,1,0,2,1,2,1,1,263
0,1,2,0,2,2,1,1,0,264
4,0,3,3,2,2,4,0,0,265
0,3,2,1,4,1,2,1,1,266
4,4,2,0,3,1,0,1,1,267
1,2,3,0,1,0,0,1,1,268
0,4,2,0,2,0,2,0,0,269
2,4,3,3,2,3,1,0,0,270
4,4,3,1,2,3,2,0,0,271
4,4,2,2,3,2,4,0,0,272
0,3,2,1,0,1,4,1,1,273
2,1,0,1,4,1,0,1,1,274
2,0,0,3,3,3,2,1,1,275
1,4,1,0,2,2,0,0,0,276
2,4,1,0,3,2,1,0,0,277
2,4,2,3,3,3,4,1,1,278
2,1,3,3,3,3,3,1,1,279
3,2,1,3,0,3,3,1,1,280
1,2,2,3,1,0,2,0,0,281
4,3,1,3,4,2,2,1,0,282
0,2,3,2,0,2,3,1,1,283
4,4,2,1,0,2,2,0,0,284
1,4,3,1,1,3,4,0,0,285
0,4,2,1,0,3,1,1,1,286
1,3,1,0,3,3,1,0,0,287
2,4,0,2,3,3,0,1,1,288
0,2,1,1,2,1,4,1,1,289
2,1,1,0,0,3,2,1,1,290
4,1,0,2,2,0,2,1,0,291
4,0,0,2,4,1,0,0,0,292
0,2,2,0,3,1,0,0,0,293
0,4,2,2,4,3,2,0,0,294
1,1,3,0,1,2,2,1,0,295
1,2,3,1,3,3,4,1,1,296
2,1,1,0,4,2,0,1,1,297
0,4,0,2,1,3,4,0,0,298
4,1,3,1,4,3,2,0,0,299
1,0,1,1,1,2,3,1,1,300
1,0,0,3,1,2,3,0,0,301
4,1,2,3,3,2,2,0,0,302
1,2,1,2,2,2,0,0,0,303
2,2,2,0,1,0,3,0,0,304
0,2,3,0,1,2,0,1,1,305
4,1,3,2,3,3,3,0,0,306
0,2,0,1,2,3,0,1,1,307
1,4,1,2,0,0,3,0,0,308
1,0,2,2,0,2,0,1,1,309
4,4,0,1,2,3,4,1,1,310
2,2,3,0,4,0,0,0,0,311
3,4,3,2,3,3,4,1,1,312
4,2,1,0,2,0,4,1,0,313
3,1,2,2,0,0,2,0,0,314
3,4,1,1,1,1,4,1,1,315
2,1,2,1,0,1,1,0,0,316
3,1,2,3,1,2,4,1,0,317
3,3,1,1,3,1,0,0,0,318
2,2,0,3,1,0,4,0,0,319
3,0,1,2,2,3,0,0,0,320
3,2,1,0,1,3,0,0,0,321
3,0,3,1,4,2,1,0,0,322
4,2,3,1,2,1,4,1,1,323
4,1,1,1,3,2,4,1,0,324
4,4,1,2,2,0,3,0,0,325
2,4,3,3,4,1,3,1,1,326
1,3,2,2,3,2,2,1,0,327
3,0,1,0,0,3,0,1,1,328
3,0,0,2,4,3,1,0,0,329
2,0,0,0,3,2,3,0,0,330
3,1,0,1,1,2,4,1,0,331
4,0,1,0,2,2,2,0,0,332
1,4,2,0,3,0,1,0,0,333
0,1,2,3,2,0,4,1,0,334
3,2,3,0,1,3,4,0,0,335
4,0,1,0,3,0,0,0,0,336
0,0,2,2,0,0,0,0,0,337
1,2,1,1,4,1,3,0,0,338
0,0,3,2,3,0,3,0,0,339
4,2,3,2,1,1,4,1,1,340
0,1,3,1,3,0,4,0,0,341
2,4,0,1,2,3,3,0,0,342
0,2,1,0,3,2,3,1,1,343
3,3,3,0,0,3,4,1,1,344
3,2,1,3,3,0,1,0,0,345
2,0,0,2,4,2,4,1,0,346
4,1,0,1,3,2,1,0,0,347
3,1,3,0,2,2,1,1,0,348
1,2,3,1,3,1,4,0,0,349
3,4,2,0,0,3,2,1,1,350
3,3,1,3,1,1,3,0,0,351
4,1,3,3,3,2,0,1,1,352
0,0,2,1,3,3,4,0,0,353
3,0,1,3,4,3,1,0,0,354
2,4,3,1,0,0,4,0,0,355
0,1,2,0,1,1,3,1,1,356
1,2,2,2,2,1,1,1,1,357
4,0,1,3,3,0,0,0,0,358
1,4,2,0,1,1,0,0,0,359
0,1,1,2,2,2,0,0,0,360
0,1,1,2,0,2,2,0,0,361
0,1,1,2,0,1,1,1,1,362
1,1,0,0,1,0,1,1,0,363
0,1,2,0,2,3,2,1,1,364
1,0,1,1,0,1,1,0,0,365
0,4,3,2,1,3,2,0,0,366
2,1,0,2,0,0,4,1,0,367
0,3,0,2,0,3,3,1,1,368
1,3,2,1,0,0,0,1,1,369
3,4,1,2,4,0,2,1,0,370
0,2,2,0,2,2,2,0,0,371
3,2,0,2,1,2,2,0,0,372
2,2,1,3,1,0,4,0,0,373
4,3,3,0,2,1,2,1,1,374
2,2,1,1,2,2,3,0,0,375
0,0,0,2,2,0,3,1,1,376
3,1,3,3,2,3,0,1,1,377
3,3,1,1,3,3,4,1,1,378
1,4,3,1,1,1,3,1,1,379
3,4,3,0,3,3,1,1,1,380
1,1,0,1,0,3,1,0,0,381
4,3,3,1,0,0,1,0,0,382
0,2,2,1,1,3,2,0,0,383
1,2,0,1,0,3,2,1,1,384
4,0,2,2,2,3,1,0,0,385
3,0,3,2,3,3,0,1,1,386
3,2,2,2,2,0,0,0,0,387
4,4,1,2,0,3,2,1,1,388
3,4,3,3,3,1,1,1,1,389
4,0,1,2,2,2,0,0,0,390
1,1,2,1,1,1,2,1,1,391
1,2,1,2,2,2,1,0,0,392
4,0,3,2,0,1,4,0,0,393
1,0,1,0,3,2,1,0,0,394
1,2,2,1,1,2,1,1,0,395
1,2,2,2,3,2,3,1,1,396
2,4,2,2,1,2,3,1,1,397
0,1,3,2,3,0,4,1,0,398
3,1,2,3,0,1,4,0,0,399
2,2,3,2,1,2,1,1,0,400
1,3,1,0,4,1,0,0,0,401
4,0,2,1,3,3,4,0,0,402
1,0,1,1,3,2,1,1,0,403
0,2,0,2,2,1,2,1,1,404
1,3,1,2,1,0,3,0,0,405
4,4,0,2,4,1,0,1,1,406
0,2,1,1,0,2,1,0,0,407
1,2,3,1,2,3,2,1,1,408
0,0,1,3,4,1,3,1,1,409
3,2,3,0,1,3,2,0,0,410
3,2,3,3,4,0,1,0,0,411
1,2,2,0,3,1,4,0,0,412
0,0,3,3,3,1,3,1,1,413
4,4,0,1,2,0,2,1,0,414
1,4,2,3,1,0,4,1,0,415
3,2,2,0,1,0,0,0,0,416
3,0,1,2,4,2,1,0,0,417
1,4,3,0,2,2,1,1,0,418
0,4,3,2,1,1,3,0,0,419
3,4,0,1,3,1,2,1,1,420
0,0,1,0,4,1,0,0,0,421
3,0,1,3,0,3,3,1,1,422
3,2,2,0,3,0,3,1,1,423
2,1,2,2,2,1,2,1,1,424
3,4,2,1,1,0,0,0,0,425
4,1,0,3,3,2,2,0,0,426
1,0,0,0,0,0,1,1,0,427
1,0,2,2,0,3,4,1,1,428
0,0,1,3,2,3,1,1,1,429
3,1,0,1,3,0,1,1,0,430
4,0,1,3,4,3,3,1,1,431
0,2,1,1,3,3,1,1,1,432
2,0,3,3,0,2,0,0,0,433
0,3,2,0,2,1,1,0,0,434
0,1,3,2,2,3,0,0,0,435
3,3,2,0,4,1,2,0,0,436
2,0,2,0,2,0,3,1,1,437
0,2,1,1,2,0,0,1,1,438
4,4,2,1,2,3,1,1,1,439
4,0,1,1,2,0,3,0,0,440
1,2,1,0,2,2,3,0,0,441
2,1,2,3,0,3,0,1,1,442
2,3,1,3,3,3,0,0,0,443
1,3,1,0,1,3,4,0,0,444
0,3,1,0,2,0,4,1,0,445
2,1,0,2,1,0,3,1,1,446
4,2,1,1,1,3,4,1,1,447
4,1,0,1,0,1,1,0,0,448
3,3,0,0,2,0,2,1,0,449
2,0,1,0,1,0,3,1,1,450
0,4,1,3,2,3,2,1,1,451
1,1,0,0,4,1,4,0,0,452
1,1,0,3,4,3,0,0,0,453
0,2,1,0,4,0,3,1,1,454
3,2,1,2,1,3,4,1,1,455
1,1,2,2,4,3,1,0,0,456
2,3,0,3,0,3,3,0,0,457
3,4,0,1,0,1,3,1,1,458
2,2,2,2,1,3,0,0,0,459
4,3,0,3,2,0,3,1,1,460
3,0,3,0,3,3,0,1,1,461
1,2,0,0,2,1,4,0,0,462
3,3,2,3,2,2,1,1,0,463
3,3,3,1,2,1,1,1,1,464
3,4,1,3,2,3,3,0,0,465
3,4,2,3,3,2,3,1,1,466
2,0,2,2,4,3,4,0,0,467
4,3,1,3,2,1,0,1,1,468
0,3,2,3,0,2,1,1,0,469
3,4,0,0,1,2,0,0,0,470
1,2,1,2,1,3,4,0,0,471
3,2,2,0,0,3,1,0,0,472
1,1,1,0,2,1,1,0,0,473
2,4,1,1,3,3,2,0,0,474
1,1,1,1,4,2,4,0,0,475
0,4,3,2,1,0,4,1,0,476
4,0,2,2,4,0,2,0,0,477
1,3,3,1,3,1,0,1,1,478
1,0,2,1,1,3,2,0,0,479
4,4,0,1,4,1,4,1,1,480
0,3,0,1,3,0,0,1,1,481
3,2,0,1,4,0,1,0,0,482
1,2,2,0,2,3,2,1,1,483
4,1,1,2,3,2,0,1,1,484
2,4,1,0,4,3,0,1,1,485
4,4,3,0,2,0,0,0,0,486
2,2,3,3,2,2,2,0,0,209
0,0,0,0,3,1,1,1,1,487
3,3,3,1,0,0,0,0,0,488
4,0,2,1,1,1,2,0,0,489
1,0,2,3,3,2,4,1,0,490
0,2,3,3,2,1,2,1,1,491
4,2,3,3,2,0,2,0,0,492
1,2,3,3,3,3,2,0,0,493
4,1,3,3,0,1,0,0,0,494
2,0,0,0,1,0,2,1,0,495
4,4,0,3,4,0,4,0,0,496
4,3,3,0,3,2,0,0,0,497
4,1,2,2,1,0,4,0,0,498
0,4,0,3,1,3,3,1,1,499
4,0,2,3,2,3,2,1,1,500
1,2,1,0,4,1,0,1,1,501
2,0,2,2,3,1,0,0,0,502
2,3,3,0,2,1,2,0,0,503
4,1,1,0,2,1,1,1,1,504
0,1,0,3,0,3,1,0,0,505
0,3,0,1,1,2,4,0,0,506
1,4,1,1,3,1,2,0,0,507
4,4,2,0,3,2,2,1,0,508
2,1,0,3,3,0,3,0,0,509
0,1,3,2,2,0,1,0,0,510
4,2,1,1,0,1,1,1,1,511
0,4,3,2,4,0,2,0,0,512
0,3,1,1,2,2,4,1,0,513
2,4,0,3,4,2,2,0,0,514
3,2,2,0,0,0,4,1,0,515
1,1,1,2,1,1,1,1,1,516
1,1,1,2,3,2,3,0,0,517
2,2,3,0,4,2,0,0,0,518
0,3,0,2,2,3,1,1,1,519
4,1,3,1,4,1,4,0,0,520
0,0,0,0,1,3,2,1,1,521
2,1,3,1,3,0,1,0,0,522
1,0,1,1,4,0,3,0,0,523
0,2,3,3,1,3,4,0,0,524
1,2,2,1,2,1,2,0,0,525
4,1,0,3,0,2,0,1,1,526
1,4,0,2,2,0,4,1,0,527
1,0,1,2,3,1,2,0,0,528
3,3,0,3,2,1,0,0,0,529
3,1,2,1,2,0,2,0,0,530
3,3,3,0,2,0,0,0,0,531
1,1,1,0,2,1,0,0,0,532
2,4,2,3,3,2,0,1,1,533
1,4,0,2,1,3,2,1,1,534
2,4,0,2,4,0,0,0,0,535
2,4,2,0,0,3,4,1,1,536
3,2,3,3,4,1,3,1,1,537
0,2,3,0,4,3,3,0,0,538
4,0,1,1,0,2,0,1,1,539
3,3,0,1,3,1,3,1,1,540
3,1,2,3,0,2,3,1,1,541
0,1,3,3,3,1,0,1,1,542
4,2,1,1,4,2,0,0,0,543
1,1,0,2,3,1,4,1,1,544
1,2,0,3,1,2,1,1,0,545
3,0,1,1,0,1,2,1,1,546
4,3,1,1,1,2,0,0,0,547
3,0,3,2,4,1,0,1,1,548
2,4,2,2,0,2,3,1,1,549
3,4,0,2,4,0,4,1,0,550
3,4,2,2,1,3,3,0,0,551
1,0,0,0,4,1,0,0,0,552
1,1,0,2,0,2,0,0,0,553
1,3,2,0,0,0,3,0,0,554
2,4,1,3,4,1,0,0,0,555
1,4,3,1,0,1,1,1,1,556
4,4,0,0,0,1,2,0,0,557
0,3,1,3,4,3,2,1,1,558
4,4,0,3,1,2,2,0,0,559
4,3,3,0,0,2,1,0,0,560
1,4,0,3,0,1,0,0,0,561
0,0,3,3,0,1,3,1,1,562
0,0,3,0,0,1,4,1,1,563
0,3,0,3,4,0,0,1,1,564
2,0,0,2,1,1,1,0,0,565
1,3,3,2,1,3,1,0,0,566
0,0,1,1,3,2,2,0,0,567
2,0,2,3,0,3,0,0,0,568
3,3,3,1,0,1,2,0,0,569
3,1,0,2,3,0,4,0,0,570
2,0,0,2,1,1,2,1,1,571
2,4,1,2,2,1,4,1,1,572
1,1,2,3,2,1,1,0,0,573
1,3,3,3,1,1,2,1,1,574
3,1,3,2,0,1,2,1,1,575
0,2,2,1,2,2,3,1,1,576
3,2,3,1,4,3,1,0,0,577
0,0,2,0,4,0,3,0,0,578
0,0,0,2,3,1,4,0,0,579
1,4,2,1,1,0,4,0,0,580
4,1,3,2,1,2,1,1,0,581
4,2,2,1,2,3,4,0,0,582
2,0,1,0,0,1,1,0,0,583
1,1,0,0,1,2,4,0,0,584
0,0,0,2,2,2,0,1,1,585
4,0,2,1,2,3,2,1,1,586
0,2,3,3,1,1,0,1,1,587
4,2,1,0,2,3,1,1,1,588
4,0,0,2,3,3,1,1,1,589
4,3,0,2,3,0,0,0,0,590
1,0,3,1,1,0,2,1,0,591
3,0,3,2,0,3,2,1,1,592
0,4,1,0,3,0,3,0,0,593
1,4,2,2,3,2,4,0,0,594
1,4,3,2,1,3,3,0,0,595
1,3,2,3,4,1,2,1,1,596
1,3,1,3,2,1,0,0,0,597
1,0,2,0,3,2,4,1,0,598
2,4,0,1,4,1,0,0,0,599
0,3,2,3,0,1,3,1,1,600
1,2,1,1,4,3,1,1,1,601
0,0,1,0,1,2,0,1,1,602
2,1,1,3,0,3,3,1,1,603
2,0,2,1,0,2,3,0,0,604
0,1,0,3,4,3,3,0,0,605
4,4,3,0,1,3,1,1,1,606
3,1,0,0,3,0,1,0,0,607
4,4,2,3,4,1,1,1,1,608
4,2,2,1,3,2,4,0,0,609
4,1,3,2,4,1,1,0,0,610
1,0,2,2,3,0,1,1,0,611
2,4,1,3,4,2,1,1,0,612
4,0,1,1,0,0,0,0,0,613
2,3,1,2,2,1,1,1,1,614
0,4,1,0,0,3,4,0,0,615
3,1,1,1,3,0,3,0,0,616
0,4,2,2,1,0,0,0,0,617
0,0,3,1,0,3,2,1,1,618
1,2,3,3,2,1,1,1,1,619
3,4,1,1,3,0,3,0,0,620
0,1,2,2,0,1,3,1,1,621
0,3,0,3,4,3,0,1,1,622
3,2,0,1,1,2,2,0,0,623
3,3,2,0,3,0,4,1,0,624
0,4,1,2,0,1,3,1,1,625
3,0,3,3,3,3,3,0,0,626
0,0,2,1,4,3,3,1,1,627
0,1,0,0,2,0,3,0,0,628
1,0,0,2,0,2,0,1,1,629
4,2,0,0,3,0,2,1,0,630
0,0,1,1,3,1,3,0,0,631
2,1,0,1,3,3,4,0,0,632
4,4,2,3,2,2,4,1,0,633
4,4,2,0,3,1,1,0,0,634
4,0,0,3,1,0,3,0,0,635
1,3,2,2,1,3,3,1,1,636
0,4,0,3,3,0,3,0,0,637
1,0,0,2,1,2,3,1,1,638
0,1,3,1,0,2,3,1,1,639
1,0,1,1,1,2,4,0,0,640
1,4,1,0,3,2,2,1,0,641
2,1,3,2,4,2,2,0,0,642
1,0,3,1,0,0,1,1,0,643
3,2,1,0,2,2,4,0,0,644
2,1,0,0,3,2,3,0,0,645
1,2,0,3,2,3,2,1,1,646
4,3,1,0,4,2,0,0,0,647
3,1,0,1,2,3,0,0,0,648
3,2,3,3,3,3,0,0,0,649
3,4,0,2,3,3,3,1,1,650
2,4,0,2,4,0,3,1,1,651
1,3,2,1,3,0,1,0,0,652
1,1,2,1,4,1,1,0,0,653
4,1,2,3,4,1,1,1,1,654
4,1,0,3,3,3,0,1,1,655
3,3,1,1,1,0,3,1,1,656
4,1,3,1,4,2,0,0,0,657
2,4,0,2,3,1,1,1,1,658
1,2,1,2,1,0,3,0,0,659
3,4,0,2,4,2,4,1,0,660
4,4,3,1,1,2,2,0,0,661
2,2,0,0,0,0,2,1,0,662
2,4,3,1,0,1,1,0,0,663
4,3,0,1,1,0,0,1,1,664
1,2,3,2,4,1,4,1,1,665
4,4,0,1,3,3,3,0,0,666
3,0,3,3,2,0,0,1,1,667
4,4,2,1,3,0,1,1,0,668
2,3,0,1,2,1,0,1,1,669
4,1,0,1,2,1,1,1,1,670
1,4,1,1,4,0,2,0,0,671
0,1,1,0,1,2,2,0,0,672
4,0,3,1,3,2,0,1,1,673
1,4,0,3,1,2,4,0,0,674
1,2,3,3,0,3,3,0,0,675
2,1,2,1,4,3,1,0,0,676
1,0,1,2,4,1,3,0,0,677
1,2,3,0,0,3,2,0,0,678
1,2,3,1,3,2,4,1,0,679
1,2,1,1,0,0,4,0,0,680
3,2,0,1,3,3,3,1,1,681
3,4,3,2,2,3,2,0,0,682
2,4,1,2,4,2,3,1,1,683
4,4,0,2,3,3,0,1,1,684
1,0,2,0,1,1,4,1,1,685
4,0,1,3,1,0,4,0,0,686
4,0,3,0,4,2,0,0,0,687
2,3,2,2,0,1,2,1,1,688
1,0,0,3,0,2,4,1,0,689
1,4,0,3,3,1,1,0,0,690
0,4,1,2,0,0,1,0,0,691
4,3,1,2,4,0,2,1,0,692
4,3,1,0,3,1,0,0,0,693
3,0,0,2,2,1,3,0,0,694
0,1,2,3,0,1,2,0,0,695
3,3,0,1,0,1,3,0,0,696
3,2,3,2,3,1,2,0,0,697
3,4,0,2,1,1,1,0,0,698
2,2,3,0,0,0,0,1,1,699
2,4,2,0,4,1,1,1,1,700
3,4,1,2,0,3,0,1,1,701
0,3,1,3,2,0,3,1,1,702
4,3,0,3,0,2,2,1,0,703
0,2,1,1,1,0,4,1,0,704
1,4,2,2,0,2,4,0,0,705
2,2,1,0,3,2,0,0,0,706
4,1,0,3,0,3,0,1,1,707
4,2,2,1,1,1,1,1,1,708
1,0,3,2,3,1,4,1,1,709
1,2,0,3,4,0,1,0,0,710
3,0,3,2,3,1,3,0,0,711
2,0,2,2,2,3,4,0,0,712
2,0,0,3,3,0,3,0,0,713
0,1,0,3,4,0,2,1,0,714
3,2,2,3,0,0,1,1,0,715
3,2,1,2,3,1,0,1,1,716
3,1,0,2,3,1,4,1,1,717
3,4,0,1,3,1,1,0,0,718
2,3,3,0,3,0,0,0,0,719
2,2,1,2,4,0,2,1,0,720
3,3,3,0,1,2,4,0,0,721
0,1,3,3,1,2,3,0,0,722
4,4,1,2,3,1,2,0,0,723
4,4,1,1,4,0,0,0,0,724
0,4,2,1,4,1,4,1,1,725
3,1,1,0,3,1,4,0,0,726
2,0,0,3,2,2,2,1,0,727
4,0,1,0,3,3,4,0,0,728
1,3,2,3,2,1,0,0,0,729
1,0,2,1,3,3,2,1,1,730
0,0,2,0,2,3,3,1,1,731
3,4,1,1,2,0,2,0,0,732
4,4,1,1,3,0,2,0,0,733
3,3,3,3,2,1,3,1,1,734
4,2,3,0,0,2,0,0,0,735
0,3,0,0,1,2,1,0,0,736
0,3,3,1,4,1,1,1,1,737
1,1,0,1,2,1,3,0,0,738
3,1,2,3,2,2,0,0,0,739
1,3,3,2,4,3,4,0,0,740
3,3,1,2,2,1,3,0,0,741
1,3,3,1,4,3,1,0,0,742
2,0,0,2,3,1,0,1,1,743
2,1,3,2,0,1,2,0,0,744
2,3,2,2,0,3,0,1,1,745
2,4,1,2,1,3,0,1,1,746
4,4,0,1,2,2,1,0,0,747
2,0,1,2,1,1,1,1,1,748
0,0,1,2,3,0,4,0,0,749
0,2,0,3,0,0,4,1,0,750
4,2,1,1,3,1,3,1,1,751
2,2,1,0,3,1,2,1,1,752
2,0,3,0,2,1,4,0,0,753
2,0,1,3,3,3,1,1,1,754
1,0,1,3,0,0,0,1,1,755
3,4,1,1,1,0,3,1,1,756
1,0,1,0,0,0,4,0,0,757
3,4,0,2,2,1,0,0,0,758
2,2,2,3,0,3,0,1,1,759
2,2,3,0,4,1,4,1,1,760
1,2,1,1,1,2,2,1,0,761
1,3,1,2,4,2,2,1,0,762
3,3,0,1,4,0,3,0,0,763
0,1,2,3,2,1,2,0,0,764
3,1,1,0,3,2,3,0,0,765
1,1,0,0,4,2,1,1,0,766
1,3,3,0,0,1,4,0,0,767
4,3,3,0,3,3,0,1,1,768
1,1,1,2,0,1,3,1,1,769
4,1,1,2,0,1,2,1,1,770
0,0,2,1,3,3,3,0,0,771
3,1,2,2,3,0,3,1,1,772
3,0,1,3,0,0,2,0,0,773
4,4,0,3,2,0,2,1,0,774
3,3,2,0,1,3,4,0,0,775
1,1,1,3,1,2,0,1,1,776
2,3,2,1,2,3,4,0,0,777
4,3,1,2,3,1,4,1,1,778
3,3,3,2,0,3,2,0,0,779
4,4,1,2,1,2,2,1,0,780
4,2,3,3,0,2,0,1,1,781
2,1,2,2,2,1,3,1,1,782
1,2,1,0,0,0,4,0,0,783
4,2,2,0,2,2,0,1,1,784
3,2,3,0,3,2,4,1,0,785
0,3,1,3,2,2,3,1,1,786
4,0,2,2,2,1,4,0,0,787
4,3,3,3,1,2,1,1,0,788
2,3,2,2,0,0,0,1,1,789
1,2,0,1,1,1,2,0,0,790
0,3,3,1,4,0,4,1,0,791
3,2,3,3,2,2,0,0,0,792
0,0,3,0,4,2,0,1,1,793
3,1,1,3,1,0,4,0,0,794
1,2,1,0,0,1,2,0,0,795
3,0,1,2,1,1,2,0,0,796
2,1,0,0,0,0,4,1,0,797
2,4,0,0,0,2,0,1,1,798
2,2,3,2,3,3,2,0,0,799
2,2,0,1,2,0,4,1,0,800
0,4,2,2,1,0,4,1,0,801
1,4,3,3,0,0,4,0,0,802
3,2,3,3,1,2,0,0,0,803
3,4,2,3,1,1,2,0,0,804
2,3,3,3,0,2,0,0,0,805
2,1,0,3,4,0,1,1,0,806
4,1,1,1,2,2,2,1,0,807
1,1,2,1,2,2,0,1,1,808
0,3,0,0,3,0,2,1,0,809
3,4,2,3,3,2,1,1,0,810
4,0,2,2,3,3,3,1,1,811
4,4,3,3,2,2,4,0,0,812
3,2,3,1,4,2,0,1,1,813
0,1,0,3,2,1,1,1,1,814
4,4,2,1,2,1,1,1,1,815
4,0,3,0,2,0,2,0,0,528
1,2,3,0,2,0,2,0,0,816
0,3,2,0,4,1,4,1,1,817
4,3,0,1,3,3,2,0,0,818
0,0,0,3,1,2,0,0,0,819
3,2,2,3,3,3,0,1,1,820
2,1,0,2,3,3,0,1,1,821
4,4,3,1,1,1,3,1,1,822
1,2,2,2,2,0,0,0,0,823
3,3,3,0,4,2,2,0,0,824
0,0,1,3,4,0,2,1,0,825
3,0,1,1,3,3,0,0,0,826
4,4,0,2,1,3,1,0,0,827
0,0,1,2,0,0,1,0,0,828
2,0,3,2,2,0,1,1,0,829
3,2,1,3,3,1,4,1,1,830
4,1,3,3,4,0,3,1,1,831
1,4,0,3,1,0,0,1,1,832
0,2,0,1,1,1,4,1,1,833
3,1,3,3,3,0,1,0,0,834
3,2,1,1,0,3,0,0,0,835
2,2,0,2,4,0,4,0,0,836
2,0,2,2,3,2,2,0,0,837
1,1,0,0,0,3,1,0,0,838
1,4,1,3,1,1,4,0,0,839
4,4,2,2,2,3,2,1,1,840
4,1,1,3,4,1,1,1,1,841
1,0,3,1,4,2,3,0,0,842
1,3,2,2,0,2,1,1,0,843
0,2,1,3,3,3,3,0,0,844
2,0,2,2,1,0,3,0,0,845
4,1,1,2,0,3,3,1,1,846
2,2,2,3,2,3,0,1,1,847
2,4,1,2,2,2,0,0,0,848
1,3,3,2,2,1,3,1,1,849
0,4,2,2,0,3,2,0,0,850
3,1,2,2,1,0,3,0,0,851
0,2,2,1,4,2,4,0,0,852
0,1,2,2,3,3,3,0,0,853
2,2,3,0,4,3,0,0,0,854
0,0,2,2,1,0,0,1,1,855
4,3,0,3,4,3,4,0,0,856
2,0,3,0,0,3,4,1,1,857
4,0,0,1,2,3,1,0,0,858
3,1,2,0,1,3,2,1,1,859
2,3,1,0,1,0,2,0,0,860
3,2,0,0,4,3,2,1,1,861
2,2,2,3,0,3,0,0,0,862
1,4,0,3,4,3,2,0,0,863
0,2,2,3,4,2,1,1,0,864
1,1,2,1,1,0,1,1,0,865
3,0,2,3,4,2,2,1,0,866
0,0,1,3,2,2,4,1,0,867
2,0,0,0,4,0,1,1,0,868
0,3,3,3,2,2,4,1,0,869
4,2,3,2,1,2,0,0,0,870
0,1,3,3,0,2,1,0,0,871
4,3,3,1,2,0,4,0,0,872
0,4,2,1,0,3,2,1,1,873
4,1,0,2,0,1,0,1,1,874
3,1,0,1,2,1,3,1,1,875
1,1,1,1,1,0,3,0,0,876
2,0,0,0,3,1,2,1,1,877
0,1,0,2,0,0,0,0,0,878
1,2,0,0,0,0,0,1,1,879
2,1,1,0,1,1,0,1,1,880
2,0,3,3,1,2,0,1,1,881
4,1,0,2,4,3,3,0,0,882
3,4,1,3,1,1,4,1,1,883
3,4,1,3,0,1,0,0,0,884
1,0,2,0,2,1,4,1,1,885
3,2,1,1,3,1,0,1,1,886
0,2,3,2,4,0,1,1,0,887
3,3,0,1,2,0,1,1,0,888
1,0,1,0,3,3,1,0,0,889
3,1,3,0,3,3,0,1,1,890
0,0,1,0,3,1,4,0,0,891
4,3,1,0,2,1,3,1,1,892
1,0,1,0,4,1,2,1,1,893
4,0,1,0,4,3,3,1,1,894
4,3,1,1,3,1,0,0,0,895
4,2,3,3,2,2,1,1,0,896
2,1,0,1,3,3,1,0,0,897
2,3,0,2,1,2,4,0,0,898
4,4,0,1,4,1,0,1,1,899
1,2,0,0,0,0,3,0,0,900
0,4,3,1,3,2,0,1,1,901
0,2,2,3,1,3,0,0,0,902
3,1,2,2,4,2,1,0,0,903
1,1,3,1,2,3,3,0,0,904
2,0,3,3,4,1,2,0,0,905
4,4,1,1,2,2,1,1,0,906
3,2,1,2,2,0,3,0,0,907
0,1,1,1,3,2,4,1,0,908
2,3,0,0,3,0,1,0,0,909
2,1,1,1,4,3,4,1,1,910
4,3,2,3,1,1,1,1,1,911
0,2,0,1,4,1,0,0,0,912
1,1,1,3,0,0,3,0,0,913
2,1,0,2,2,3,4,1,1,914
4,2,2,1,2,1,1,0,0,915
1,1,1,2,3,3,4,0,0,916
0,3,2,2,1,0,1,0,0,917
2,1,2,1,3,0,1,0,0,918
1,4,2,3,0,2,2,0,0,919
1,0,1,2,4,1,2,0,0,920
1,3,3,2,4,1,2,0,0,921
2,4,1,1,1,2,4,0,0,922
2,2,2,1,3,0,0,0,0,923
3,3,1,1,3,0,1,1,0,924
0,0,2,1,0,0,3,0,0,925
4,0,3,1,4,0,2,0,0,926
1,2,0,0,3,3,4,0,0,927
3,2,3,1,1,1,4,0,0,928
4,3,3,3,4,1,4,0,0,929
3,1,0,2,0,0,3,1,1,930
2,2,1,3,1,0,3,1,1,931
1,1,0,3,2,0,2,0,0,932
4,4,1,0,0,1,3,1,1,933
4,0,1,1,1,1,2,0,0,934
4,1,2,2,3,0,3,0,0,935
4,0,2,3,2,3,3,1,1,936
4,1,0,1,0,2,3,1,1,937
3,4,3,1,3,2,2,1,0,938
1,2,0,0,2,2,1,1,0,939
2,4,1,0,4,1,2,1,1,940
2,2,2,0,3,1,1,0,0,941
2,2,0,2,1,2,4,0,0,942
2,0,0,3,0,2,4,0,0,943
3,4,2,0,2,3,2,1,1,944
0,1,2,0,3,1,1,0,0,945
1,4,2,0,4,1,1,1,1,946
4,0,1,3,0,2,1,0,0,947
0,2,2,3,0,3,4,1,1,948
2,0,3,0,3,3,2,1,1,949
0,3,0,0,4,2,0,0,0,950
1,3,2,1,2,2,1,0,0,951
4,1,2,0,3,1,1,0,0,952
4,0,1,2,2,2,0,0,0,953
1,1,1,2,0,0,2,1,0,954
1,1,0,0,2,3,1,0,0,955
2,3,3,3,4,2,2,1,0,956
4,1,0,1,1,0,1,0,0,957
0,3,2,3,4,3,3,0,0,958
3,2,3,0,2,0,1,0,0,959
3,0,3,2,3,0,3,0,0,960
1,1,3,1,0,2,2,0,0,961
2,3,3,3,1,3,1,1,1,962
3,4,0,3,3,0,4,0,0,963
4,1,1,0,3,1,4,1,1,964
1,2,1,1,4,3,0,0,0,965
0,2,2,2,2,1,4,1,1,966
1,4,1,0,4,2,3,0,0,967
0,3,1,1,2,1,4,0,0,968
1,1,1,3,4,3,4,0,0,969
1,3,1,0,3,0,4,1,0,970
1,2,2,3,0,0,1,1,0,971
0,3,0,3,2,3,0,0,0,972
0,2,3,0,1,0,2,0,0,973
1,3,1,0,1,1,0,0,0,974
3,4,0,0,3,0,3,1,1,975
2,0,1,0,4,0,1,0,0,976
2,4,1,0,4,1,1,1,1,977
2,4,3,3,3,1,4,0,0,978
0,0,3,2,1,1,4,1,1,979
0,0,3,2,1,2,3,1,1,980
3,1,1,0,4,1,1,1,1,981
2,1,1,3,2,1,2,0,0,982
2,4,1,2,0,2,0,1,1,983
1,4,3,2,2,0,1,0,0,984
0,2,2,2,1,1,2,1,1,985
2,2,0,3,2,3,2,0,0,986
3,1,2,0,0,1,0,1,1,987
3,1,1,0,2,1,2,1,1,988
2,2,1,0,2,2,3,0,0,989
0,2,2,1,2,3,2,0,0,990
3,3,1,1,2,0,3,1,1,991
1,3,0,1,3,0,2,1,0,992
3,2,1,3,1,3,4,0,0,993
4,3,0,2,0,1,2,1,1,994
4,0,2,2,1,2,3,1,1,995
0,1,2,3,3,3,2,0,0,996
2,1,1,3,3,3,2,0,0,784
0,2,0,0,3,0,2,0,0,997
0,4,1,0,3,2,3,1,1,998
0,2,3,1,2,3,2,1,1,999
0,3,3,1,1,2,0,1,1,1000
1,4,3,3,4,1,0,0,0,1001
1,3,3,1,0,0,3,1,1,1002
3,0,1,2,3,1,4,0,0,1003
4,3,3,3,1,2,0,0,0,1004
0,0,0,3,3,1,1,1,1,1005
3,0,2,2,3,0,0,0,0,1006
4,3,2,0,3,2,1,1,0,1007
2,3,3,0,3,3,3,0,0,1008
1,0,3,2,3,1,4,0,0,1009
4,4,3,2,0,0,1,0,0,1010
2,0,1,1,1,3,1,1,1,1011
4,1,2,3,3,0,0,0,0,1012
1,0,3,1,3,2,1,1,0,1013
1,4,0,2,3,2,3,0,0,1014
3,1,3,1,3,1,3,0,0,1015
0,2,2,2,2,0,3,0,0,1016
4,2,3,1,2,0,0,1,1,1017
4,4,2,1,4,0,4,1,0,1018
2,0,3,0,3,2,0,1,1,1019
1,3,0,2,4,1,3,1,1,1020
4,4,3,1,0,0,0,1,1,1021
1,1,0,3,4,0,3,0,0,1022
4,1,0,1,1,3,2,0,0,1023
3,2,3,1,2,0,2,1,0,1024
0,1,0,3,2,1,1,1,1,1025
4,4,1,2,3,3,4,1,1,1026
1,1,3,0,3,3,2,1,1,1027
3,4,3,0,0,3,3,0,0,1028
4,3,0,0,0,2,0,1,1,1029
2,2,0,3,1,3,0,1,1,1030
0,1,3,1,3,0,1,1,0,1031
4,4,1,2,3,2,0,1,1,1032
3,0,0,1,0,2,2,0,0,1033
2,2,0,0,0,2,0,0,0,1034
3,3,2,1,0,2,2,1,0,1035
3,4,1,3,2,2,2,0,0,1036
2,3,1,3,4,2,4,0,0,1037
3,3,3,2,4,2,1,1,0,1038
2,1,1,2,3,3,3,1,1,1039
4,1,3,0,2,1,2,0,0,1040
2,4,2,2,0,0,1,0,0,1041
2,0,1,1,3,0,3,0,0,1042
0,4,0,3,2,3,0,0,0,1043
2,0,2,3,1,3,1,0,0,1044
2,3,3,3,2,2,1,1,0,1045
4,2,2,2,3,1,1,0,0,1046
0,4,3,3,4,2,0,0,0,1047
1,4,2,3,0,3,0,0,0,1048
4,0,3,3,1,2,1,0,0,1049
4,3,1,0,2,0,4,0,0,1050
1,3,0,0,3,0,2,0,0,1051
2,0,3,2,3,2,0,0,0,1052
3,3,2,3,0,1,4,0,0,1053
0,1,3,2,3,2,0,1,1,1054
3,2,3,3,3,2,1,1,0,1055
1,4,3,3,0,1,4,0,0,1056
4,2,2,3,1,1,3,1,1,1057
4,4,0,2,4,1,2,1,1,1058
0,1,1,2,4,0,2,1,0,1059
4,3,0,3,2,2,0,1,1,1060
4,0,3,1,1,3,2,1,1,1061
0,1,2,2,2,1,3,1,1,1062
0,2,0,0,4,1,4,0,0,1063
1,0,3,2,0,2,4,0,0,1064
4,3,1,3,3,3,1,1,1,1065
4,1,1,1,4,2,4,0,0,1066
1,0,1,3,1,2,0,1,1,1067
2,1,3,0,4,1,3,0,0,1068
2,1,2,2,1,1,1,0,0,1069
2,3,0,2,1,0,0,0,0,1070
1,4,1,3,1,3,0,1,1,1071
4,0,3,3,2,3,0,0,0,1072
1,3,3,0,0,1,2,0,0,1073
1,1,0,1,4,1,0,1,1,1074
2,3,1,0,0,1,2,1,1,1075
3,4,3,1,3,3,4,0,0,1076
4,0,0,2,4,0,2,1,0,1077
2,4,2,1,0,3,0,0,0,1078
3,2,2,1,0,1,3,0,0,1079
3,0,2,2,3,1,3,1,1,1080
0,4,1,2,1,0,4,1,0,1081
4,1,0,2,4,2,0,0,0,1082
3,0,0,0,4,2,2,1,0,1083
2,0,3,2,3,3,3,0,0,1084
0,3,3,3,1,2,1,1,0,1085
4,1,3,2,4,2,0,1,1,1086
1,2,0,2,4,3,0,1,1,1087
2,4,3,2,4,1,1,1,1,1088
3,3,0,1,1,2,3,1,1,1089
3,4,0,0,3,1,1,0,0,1090
2,2,2,2,4,3,4,0,0,1091
3,2,3,0,0,1,2,0,0,1092
0,0,2,3,1,1,2,1,1,1093
4,2,1,3,2,3,3,0,0,1094
0,4,1,2,3,1,1,0,0,1095
3,1,1,3,0,2,0,1,1,1096
1,1,0,0,4,2,0,1,1,1097
4,0,0,1,2,2,0,1,1,1098
4,4,0,2,3,2,4,0,0,1099
2,4,3,3,1,1,4,0,0,1100
2,2,2,0,2,2,0,1,1,1101
1,4,0,0,2,1,3,0,0,1102
4,3,2,3,0,0,4,0,0,1103
1,2,2,0,3,1,4,1,1,1104
2,3,2,0,0,2,2,0,0,1105
2,0,3,2,0,0,2,1,0,1106
4,1,3,0,4,3,3,0,0,1107
0,0,1,3,1,1,4,1,1,1108
3,1,1,2,2,2,4,0,0,1109
2,0,2,3,3,2,1,0,0,1110
2,4,1,1,1,2,3,1,1,1111
0,3,2,3,1,3,3,1,1,1112
0,1,3,3,3,0,1,1,0,1113
1,2,3,2,1,0,1,1,0,1114
1,3,3,0,4,2,2,0,0,1115
3,2,0,3,1,1,3,1,1,1116
3,3,2,2,4,2,3,1,1,1117
4,3,3,1,2,2,1,1,0,1118
1,0,2,2,2,1,0,1,1,1119
2,1,1,2,0,2,0,1,1,1120
1,1,1,0,4,3,2,0,0,1121
2,3,3,3,2,2,0,1,1,1122
0,4,2,1,1,3,0,1,1,1123
1,4,3,2,3,2,0,1,1,1124
0,2,1,3,3,0,4,0,0,1125
3,2,3,3,4,1,2,0,0,1126
3,0,2,2,0,0,1,0,0,1127
4,3,1,3,1,2,0,1,1,1128
1,2,0,2,4,2,4,1,0,1129
0,2,1,2,3,3,0,0,0,1130
2,3,0,2,4,2,4,0,0,1131
3,0,3,1,1,2,2,1,0,1132
3,2,3,2,2,2,0,1,1,1133
2,0,2,0,1,0,4,1,0,1134
0,1,0,3,2,3,3,0,0,1135
0,0,3,1,2,0,3,1,1,1136
1,4,0,3,2,3,4,1,1,1137
1,4,3,1,4,0,0,0,0,1138
4,0,1,0,3,2,0,0,0,1139
3,4,3,1,4,0,2,0,0,1140
1,1,2,1,3,0,2,1,0,1141
0,3,1,1,1,3,1,0,0,1142
2,4,2,3,0,3,2,0,0,1143
0,4,1,2,1,0,0,1,1,1144
3,0,0,3,4,3,1,1,1,1145
0,1,2,2,4,3,2,0,0,1146
4,3,3,3,3,3,4,1,1,1147
3,0,0,0,4,1,3,0,0,1148
2,0,3,0,2,3,2,1,1,1149
4,1,1,1,4,1,2,1,1,1150
3,3,1,0,3,1,4,0,0,1151
2,1,3,1,3,3,0,0,0,1152
4,3,3,2,2,0,4,0,0,1153
4,1,0,0,3,3,2,1,1,1154
3,0,3,2,0,2,0,0,0,1155
1,0,2,3,1,0,1,1,0,1156
4,2,2,2,4,1,2,1,1,1157
4,4,3,3,0,1,4,0,0,1158
2,1,2,2,4,0,1,1,0,1159
0,2,3,2,0,0,3,1,1,1160
3,4,0,0,4,3,1,0,0,1161
3,1,2,2,2,1,4,1,1,1162
1,3,2,0,3,2,1,1,0,1163
1,4,3,0,3,3,4,0,0,1164
3,0,2,1,2,0,2,0,0,1165
1,2,1,1,0,1,0,1,1,1166
2,4,0,3,1,0,3,1,1,1167
3,4,0,2,0,0,0,1,1,1168
1,0,2,3,3,0,0,1,1,1169
3,1,2,2,1,3,0,0,0,1170
0,3,1,1,4,2,4,1,0,1171
4,0,1,1,1,2,4,1,0,1172
3,3,2,2,0,1,3,1,1,1173
4,1,2,2,2,0,4,1,0,1174
1,4,1,1,4,2,4,0,0,1175
4,3,3,1,0,0,4,1,0,1176
3,2,1,3,4,1,4,0,0,1177
0,2,3,1,1,0,2,0,0,1178
1,0,0,2,3,2,3,0,0,1179
3,1,0,3,0,0,4,0,0,1180
1,0,1,2,2,2,3,0,0,1181
2,0,3,0,1,1,1,1,1,1182
4,0,1,3,0,0,2,0,0,1183
2,2,1,2,2,2,4,0,0,1184
3,2,3,1,0,1,2,0,0,1185
0,0,1,0,1,0,2,1,0,1186
1,2,0,2,0,1,1,0,0,1187
4,1,2,3,4,2,3,1,1,1188
1,0,2,2,1,0,2,0,0,1189
3,2,1,0,0,0,0,0,0,1190
1,3,3,3,3,0,1,1,0,1191
4,0,3,0,0,1,0,1,1,1192
3,0,0,2,4,1,1,1,1,1193
1,1,3,1,2,2,0,0,0,1194
0,4,3,1,2,3,0,1,1,1195
3,4,0,2,2,0,2,1,0,1196
3,1,1,2,3,0,2,1,0,1197
0,1,2,2,4,2,1,1,0,1198
2,1,0,3,1,0,3,1,1,1199
4,4,1,0,2,1,2,0,0,1200
2,1,0,0,4,1,2,1,1,1201
1,2,1,0,0,0,4,0,0,1202
0,0,0,2,3,0,2,1,0,1203
2,0,1,0,4,1,3,1,1,1204
3,3,0,2,4,0,4,0,0,1205
1,3,1,3,1,1,0,0,0,1206
1,0,0,1,4,3,0,0,0,1207
2,2,2,2,1,3,4,0,0,1208
2,4,2,2,3,0,4,1,0,1209
0,4,3,1,3,0,4,0,0,1210
4,2,1,1,0,0,1,1,0,1211
2,4,0,3,1,1,3,1,1,1212
2,1,1,0,1,3,3,1,1,1213
3,0,2,2,2,3,0,0,0,1214
1,0,1,0,2,2,0,0,0,1215
4,2,0,2,0,2,0,0,0,1216
3,4,1,3,3,0,2,1,0,1217
0,3,0,1,2,1,0,0,0,1218
0,3,2,3,4,0,4,0,0,1219
2,4,2,1,3,3,0,1,1,1220
2,3,2,0,4,0,4,0,0,1221
0,2,3,0,1,0,1,1,0,1222
2,2,2,3,3,3,2,0,0,1223
4,4,1,1,0,3,2,0,0,1224
2,3,3,3,1,3,3,0,0,1225
1,2,2,1,1,3,1,0,0,1226
2,2,1,1,4,2,4,0,0,1227
3,1,1,0,1,1,1,1,1,1228
4,1,1,0,2,1,2,0,0,1229
3,2,0,1,3,3,4,0,0,1230
3,4,3,1,2,1,1,0,0,1231
1,0,1,1,4,1,2,0,0,1232
4,0,0,0,4,1,4,0,0,1233
4,2,2,0,3,1,4,0,0,1234
4,2,1,2,1,3,2,0,0,1235
4,2,0,1,0,0,4,1,0,1236
4,4,1,2,4,0,2,1,0,1237
1,1,3,1,3,0,0,0,0,1238
2,2,3,0,0,2,0,1,1,1239
3,2,2,2,1,1,4,0,0,1240
4,3,1,2,4,3,4,1,1,1241
2,4,0,3,3,3,2,0,0,1242
2,2,2,1,3,2,4,0,0,1243
3,3,1,0,3,3,3,1,1,1244
1,0,2,3,4,0,0,0,0,1245
0,2,0,3,0,2,4,1,0,1246
0,2,2,1,3,3,4,0,0,1247
2,3,2,3,1,2,1,0,0,1248
3,4,2,1,3,2,4,0,0,1249
0,2,1,3,0,3,3,0,0,1250
2,0,0,1,4,0,0,1,1,1251
1,2,3,0,3,3,1,0,0,1252
0,0,1,1,3,1,2,1,1,1253
2,1,3,1,1,1,2,1,1,1254
2,1,3,2,1,3,0,0,0,1255
4,0,1,0,3,0,2,0,0,1256
1,4,1,0,3,1,3,1,1,1257
4,2,0,0,1,1,4,1,1,1258
3,2,0,3,0,3,0,0,0,1259
4,1,2,2,2,3,1,1,1,1260
4,0,3,0,2,3,4,1,1,1261
0,2,0,3,3,2,2,1,0,1262
2,2,2,3,1,2,2,0,0,1263
1,4,0,3,4,2,1,1,0,1264
4,3,1,2,4,3,3,1,1,1265
1,1,0,3,2,0,1,1,0,1266
4,1,3,2,0,1,0,1,1,1267
3,3,0,1,2,2,1,0,0,1268
4,2,3,3,3,0,2,0,0,1269
0,4,1,0,0,3,3,1,1,1270
2,4,3,3,4,2,3,1,1,1271
3,1,0,1,1,3,1,1,1,1272
4,4,2,1,1,0,0,0,0,1273
1,3,1,3,3,2,2,0,0,1274
3,2,0,1,2,2,4,1,0,1275
3,3,1,2,3,2,3,1,1,1276
4,0,1,2,1,2,1,0,0,1277
3,1,0,3,4,0,0,1,1,1278
1,4,0,2,1,2,0,1,1,1279
3,0,2,2,0,1,2,0,0,1280
1,4,1,0,1,1,3,0,0,1281
4,2,1,3,1,3,2,0,0,1282
2,2,0,1,0,2,4,0,0,1283
3,2,3,3,2,1,4,0,0,1284
2,4,0,2,1,1,4,1,1,1285
1,0,1,0,3,1,0,0,0,1286
3,2,0,3,1,0,3,0,0,1287
0,0,2,3,3,2,2,0,0,1288
2,4,3,2,0,0,2,0,0,1289
3,0,0,2,1,0,4,0,0,1290
2,4,2,3,0,1,3,0,0,1291
3,4,1,2,0,1,3,1,1,1292
4,1,0,2,2,3,1,0,0,1293
2,4,1,2,1,2,3,1,1,1294
0,4,2,2,3,2,3,1,1,1295
0,3,1,2,3,1,2,0,0,1296
1,2,2,0,1,1,3,0,0,1297
3,1,2,2,2,2,3,1,1,1298
2,1,2,1,2,3,2,1,1,1299
1,1,0,3,2,1,3,1,1,1300
2,3,1,0,3,3,2,0,0,1301
3,4,1,0,0,0,1,1,0,1302
0,2,3,2,2,1,0,0,0,1303
4,0,3,3,3,0,2,0,0,1304
0,4,3,1,3,1,2,1,1,1305
1,3,3,2,0,0,3,0,0,1306
4,4,1,3,1,1,2,0,0,1307
1,4,2,2,1,3,4,1,1,1308
3,3,2,2,2,3,4,1,1,1309
4,1,0,2,2,3,1,0,0,1310
1,1,2,2,0,0,2,1,0,1311
3,2,1,2,2,3,3,0,0,1312
0,2,1,2,0,0,3,1,1,1313
3,1,1,2,3,1,0,1,1,1314
2,0,0,1,2,0,1,1,0,1315
3,4,3,0,3,1,3,1,1,1316
3,0,2,1,4,2,0,0,0,1317
2,4,1,2,0,2,3,1,1,1318
1,1,1,2,4,2,0,0,0,1319
1,2,3,1,2,0,4,0,0,1320
3,2,1,1,3,2,4,1,0,1321
2,0,2,0,2,2,3,1,1,1322
2,2,0,1,4,2,1,1,0,1323
0,1,1,0,2,1,2,1,1,1324
1,0,2,2,1,3,1,1,1,1325
4,4,1,3,4,0,1,0,0,1326
1,2,3,3,2,2,2,1,0,1327
1,3,1,3,3,1,4,0,0,1328
0,2,1,3,2,3,4,0,0,1329
4,4,0,2,3,3,2,0,0,1330
0,0,3,3,1,3,0,0,0,1331
4,4,3,1,2,1,1,1,1,1332
3,3,0,1,1,2,3,1,1,1333
4,1,1,3,4,3,4,0,0,1334
0,2,2,1,3,1,3,0,0,1335
1,0,3,0,4,1,2,1,1,1336
4,1,3,2,3,0,3,0,0,1337
4,4,1,3,1,1,3,1,1,1338
2,0,1,3,0,3,1,0,0,1263
1,1,3,2,2,3,2,1,1,1339
3,0,1,1,1,1,3,0,0,1340
0,3,2,2,3,3,4,0,0,1341
3,3,3,2,3,1,2,0,0,1342
1,2,2,1,3,3,4,1,1,1343
4,2,2,2,3,0,0,1,1,1344
4,3,1,1,2,2,3,1,1,1345
1,0,2,1,4,0,2,0,0,1346
4,3,1,2,0,0,4,0,0,1347
4,2,0,0,2,2,3,0,0,1348
4,3,1,1,3,3,1,0,0,1349
0,3,2,2,2,2,4,0,0,1350
0,0,0,1,1,1,4,0,0,1351
2,1,1,0,3,2,0,1,1,1352
3,2,2,0,0,0,1,1,0,1353
1,0,3,3,3,2,0,1,1,1354
1,3,3,1,0,3,1,0,0,1355
1,3,1,1,0,0,4,1,0,1356
2,1,1,2,4,1,0,0,0,1357
0,2,3,1,4,3,3,0,0,1358
2,2,2,3,2,0,1,1,0,1359
1,4,2,0,2,1,4,0,0,1360
3,2,2,0,0,3,2,0,0,1361
4,1,1,3,3,1,1,0,0,1362
0,4,0,1,1,2,1,0,0,1363
0,4,0,1,1,2,3,0,0,1364
2,3,0,3,3,1,1,1,1,1365
0,3,0,2,3,2,1,1,0,1366
1,2,0,0,4,1,3,0,0,1367
1,4,1,3,1,3,3,0,0,1368
2,3,1,3,0,0,0,1,1,1369
1,1,0,1,2,1,4,1,1,1370
3,3,1,0,4,0,4,1,0,1371
2,3,1,1,1,0,0,0,0,1372
3,4,0,3,3,1,4,1,1,1373
4,4,2,2,1,2,1,1,0,1374
3,0,1,0,0,3,0,0,0,1375
4,1,2,3,4,0,0,0,0,1376
4,4,1,3,3,3,4,1,1,1377
3,2,1,2,0,0,2,0,0,1378
2,1,0,3,2,1,4,1,1,1379
1,1,1,3,4,2,2,1,0,1380
1,4,3,0,0,3,0,0,0,1381
4,1,3,0,0,0,2,0,0,1382
4,4,0,0,3,1,1,1,1,1383
2,3,2,1,2,1,3,0,0,1384
0,0,2,2,0,0,2,0,0,1385
3,3,2,0,4,0,3,0,0,1386
4,4,3,1,0,0,1,0,0,1387
1,4,2,1,1,2,3,0,0,1388
2,3,2,2,4,0,1,0,0,1389
3,2,0,2,4,0,3,0,0,1390
2,2,2,3,0,2,3,1,1,1391
3,2,3,1,3,1,4,0,0,1392
3,4,3,0,4,0,2,1,0,1393
4,1,3,2,1,3,3,0,0,1394
2,4,0,1,3,1,0,1,1,1395
2,1,0,0,3,3,4,0,0,1396
1,3,1,1,3,0,2,1,0,1397
1,0,2,2,4,2,4,0,0,1398
4,1,0,3,3,2,2,1,0,1399
4,2,3,1,0,2,1,0,0,1400
0,4,3,0,3,0,3,0,0,1401
1,3,0,2,1,0,0,1,1,1402
3,2,0,3,2,3,4,1,1,1403
2,3,0,0,1,2,4,0,0,1404
4,0,1,0,4,0,4,1,0,1405
2,4,3,0,3,1,4,1,1,1406
2,4,1,1,3,0,3,0,0,1407
0,0,1,2,0,0,2,1,0,1408
1,4,2,0,3,1,3,0,0,1409
4,1,3,1,1,2,1,1,0,1410
2,3,3,2,4,1,3,0,0,1411
4,2,0,2,2,2,3,1,1,1412
3,0,0,1,3,1,1,0,0,1413
0,1,2,1,2,3,3,0,0,1414
3,2,1,0,3,2,2,1,0,1415
4,2,0,2,4,0,0,1,1,1416
4,0,0,3,1,3,1,0,0,1417
1,1,3,1,4,2,4,0,0,1418
2,2,3,2,2,2,2,1,0,1419
2,2,0,2,3,2,0,1,1,1420
3,1,3,0,2,1,2,1,1,464
0,4,2,3,1,2,2,1,0,1421
2,2,0,0,4,0,4,1,0,1422
1,3,3,3,2,2,0,1,1,1423
3,1,2,3,2,0,2,0,0,1424
3,2,3,1,1,0,4,1,0,1425
1,0,3,2,3,0,1,1,0,1426
0,3,3,2,2,3,4,1,1,1427
1,2,0,2,1,0,3,1,1,1428
0,3,1,3,3,1,4,0,0,1429
1,3,3,2,3,2,4,0,0,1430
1,4,2,1,4,1,4,0,0,1431
4,3,0,3,1,3,2,0,0,1432
3,4,0,3,3,2,0,1,1,1433
1,1,2,3,4,0,4,0,0,1434
1,4,3,3,0,2,4,1,0,1435
2,0,1,1,1,3,3,1,1,1436
3,2,3,2,0,3,3,0,0,1437
2,1,2,1,3,1,1,0,0,1438
3,1,0,2,1,2,1,1,0,1439
2,0,1,1,4,2,3,0,0,1440
1,4,0,0,3,2,0,0,0,1441
1,2,2,0,1,1,1,1,1,1442
4,4,3,0,1,3,0,1,1,1443
2,3,1,0,0,0,3,1,1,1444
0,4,0,3,3,2,1,1,0,1445
4,1,0,3,4,1,4,1,1,1446
2,2,0,1,4,1,3,0,0,1447
2,4,3,1,3,0,1,1,0,1448
4,2,1,0,3,3,0,1,1,1449
1,2,3,2,2,2,0,1,1,1450
2,3,3,0,0,2,1,0,0,1451
1,3,3,1,3,1,0,1,1,1452
4,1,2,0,3,3,1,1,1,1453
1,0,2,1,2,2,1,0,0,1454
3,2,2,0,2,0,0,1,1,1455
0,0,1,2,1,3,2,1,1,1456
2,1,3,0,4,3,4,1,1,1457
0,2,3,2,0,1,3,0,0,1458
1,2,2,2,1,1,4,0,0,1459
2,0,3,1,3,2,3,1,1,1460
1,4,3,2,2,1,3,1,1,1461
3,3,0,3,4,3,4,1,1,1462
4,4,3,3,1,2,1,0,0,1463
2,0,0,3,4,2,0,0,0,1464
3,3,3,1,2,3,2,0,0,1465
3,4,1,3,1,2,2,0,0,1466
2,3,2,1,1,0,2,0,0,1467
1,2,0,1,4,0,4,0,0,1468
3,4,2,3,2,2,4,1,0,1469
0,3,0,2,3,1,1,0,0,1470
3,3,0,0,1,0,2,1,0,1471
1,3,0,1,3,2,1,0,0,1472
1,4,1,3,2,0,2,1,0,1473
0,1,3,1,1,1,4,0,0,1474
3,4,0,2,1,3,0,1,1,1475
1,0,1,2,3,2,0,1,1,1476
2,4,0,3,0,2,0,1,1,1477
4,3,3,1,3,2,0,0,0,1478
4,2,0,0,3,2,3,0,0,1479
4,4,1,0,0,2,2,0,0,1480
3,4,3,1,2,2,0,1,1,1481
0,3,1,1,2,1,3,1,1,1482
1,2,3,1,1,3,3,1,1,1483
2,2,3,3,4,1,3,0,0,1484
2,0,2,2,4,1,1,0,0,1485
3,4,2,0,1,3,1,1,1,1486
4,2,2,3,4,1,3,0,0,1487
3,2,3,1,3,0,0,0,0,1488
0,1,0,1,3,1,2,0,0,1489
0,1,1,2,0,2,4,0,0,1490
1,2,1,1,0,0,1,1,0,1491
1,0,1,3,1,0,0,0,0,1492
0,2,2,3,1,3,0,0,0,1493
0,3,3,2,1,1,4,1,1,1494
0,4,2,3,3,1,4,1,1,1495
3,0,0,0,4,0,0,0,0,1496
0,3,3,3,1,1,4,0,0,1497
2,0,1,3,1,1,0,0,0,1498
4,3,2,3,3,3,4,0,0,1499
0,4,2,0,3,0,4,1,0,1500
4,4,0,1,3,2,0,1,1,1501
3,1,0,3,4,0,3,1,1,1502
4,3,2,2,1,3,0,0,0,1503
3,1,0,0,2,3,2,0,0,1504
2,3,1,2,2,3,4,1,1,1505
3,1,0,3,1,1,1,0,0,1506
3,4,0,2,1,0,4,1,0,1507
1,0,2,3,1,1,2,1,1,1508
0,1,2,0,1,1,1,1,1,1509
0,3,3,2,4,0,1,1,0,1510
2,3,3,2,2,3,0,1,1,1511
2,4,2,3,0,2,3,1,1,1512
0,3,0,3,2,2,0,1,1,1513
1,2,0,1,2,0,1,0,0,1514
0,0,3,3,3,0,1,1,0,1515
1,1,3,3,1,3,3,1,1,1516
2,0,3,1,1,0,4,0,0,1517
4,4,1,3,1,0,3,1,1,1518
2,1,1,3,3,3,0,0,0,1519
2,1,3,1,4,3,4,1,1,1520
3,2,0,0,4,1,0,0,0,1521
3,4,3,0,0,0,3,0,0,1522
3,3,1,3,4,2,4,0,0,1523
3,2,0,3,4,0,3,1,1,1524
1,2,1,1,1,2,2,0,0,1525
0,0,0,1,2,2,1,1,0,1526
4,0,1,0,4,2,4,1,0,1527
2,0,0,2,4,1,1,1,1,1528
1,2,0,3,3,3,2,1,1,1529
4,3,0,2,0,3,4,1,1,1530
1,1,0,2,3,1,1,1,1,1531
1,0,2,1,1,3,1,1,1,1532
2,3,1,3,2,1,4,0,0,1533
0,4,1,3,0,0,1,1,0,1534
3,0,2,1,3,1,1,1,1,1535
0,1,0,2,4,3,4,0,0,1536
2,4,0,1,4,3,1,1,1,1537
2,4,1,0,0,0,1,0,0,1538
2,1,2,3,4,1,0,0,0,1539
4,0,0,0,3,0,0,1,1,1540
0,2,0,1,3,2,2,1,0,1541
0,1,0,3,4,1,0,0,0,1542
1,1,3,0,4,0,0,1,1,1543
1,1,2,0,1,0,2,0,0,1544
1,4,0,2,2,3,1,0,0,1545
2,3,3,3,0,1,1,1,1,1546
0,2,2,0,3,2,0,0,0,1547
2,0,0,0,0,2,2,1,0,1548
4,0,1,2,1,1,1,1,1,1549
1,3,3,0,3,1,3,0,0,1550
2,1,3,0,1,0,4,0,0,1551
2,2,0,0,1,3,4,1,1,1552
4,0,0,2,4,3,4,1,1,1553
3,0,3,0,0,3,0,1,1,1554
0,1,1,0,0,1,4,0,0,1555
3,3,1,3,4,3,4,1,1,1556
1,2,2,3,0,0,3,0,0,1557
2,3,0,2,4,1,1,0,0,1558
4,3,1,1,3,1,3,0,0,1559
4,2,2,3,1,3,0,1,1,1560
0,2,1,2,1,2,4,0,0,1561
3,0,0,0,0,2,1,1,0,1562
0,0,2,0,2,0,4,0,0,1563
2,2,2,2,1,3,4,1,1,1564
0,4,2,0,4,3,0,1,1,1565
4,0,1,0,2,1,4,0,0,1566
4,4,0,1,2,1,2,1,1,1567
1,2,2,0,1,3,1,0,0,1568
1,0,3,3,1,1,1,0,0,1569
2,3,0,0,1,3,2,0,0,1570
3,2,3,2,4,0,0,0,0,1571
0,1,3,1,2,1,4,0,0,1572
2,4,2,0,0,3,4,0,0,1573
1,2,2,2,4,1,1,0,0,1574
0,2,1,3,3,0,0,1,1,1575
1,0,1,0,1,1,0,0,0,1576
0,0,1,1,2,3,0,0,0,1577
3,0,0,0,4,1,4,1,1,1578
2,1,1,2,3,1,0,1,1,1579
0,0,3,1,4,3,2,0,0,1580
4,2,1,0,4,2,3,0,0,1581
4,0,2,3,0,1,0,0,0,1582
0,3,1,1,0,1,3,1,1,1583
0,0,0,3,4,0,4,0,0,1584
0,1,0,2,3,2,0,1,1,1585
4,3,3,0,2,0,1,0,0,1586
4,2,0,3,2,3,4,0,0,1587
0,2,1,2,1,3,2,1,1,1588
1,4,2,0,1,0,2,0,0,1589
1,3,0,2,2,1,3,0,0,1590
3,4,3,3,4,2,3,0,0,1591
2,3,1,2,4,0,1,1,0,1592
1,3,3,1,0,0,1,0,0,1593
4,1,0,0,0,3,2,0,0,1594
1,4,0,2,1,1,0,1,1,1595
3,1,3,3,2,2,2,1,0,1596
3,3,1,0,4,0,2,0,0,1597
2,2,0,1,2,2,1,0,0,1598
1,3,2,0,3,2,3,1,1,1599
4,1,0,1,2,0,1,0,0,1600
4,4,1,0,3,2,1,0,0,1601
0,4,0,2,0,3,1,1,1,1602
4,1,3,2,0,1,2,0,0,1603
2,4,0,3,1,1,0,0,0,1604
2,0,0,1,2,1,2,1,1,1605
4,2,1,3,2,3,4,0,0,1606
4,2,3,2,3,3,1,0,0,1607
0,2,1,1,0,3,1,0,0,1608
4,4,0,3,3,1,4,1,1,1609
0,4,2,3,0,2,1,0,0,1610
0,3,0,3,3,3,1,1,1,1611
4,3,1,3,0,0,1,1,0,1612
3,2,2,3,3,3,4,0,0,1613
3,0,1,1,0,0,2,1,0,1614
0,3,1,3,3,1,1,0,0,1615
4,3,3,1,2,0,0,0,0,1616
3,4,2,3,1,3,4,0,0,1617
4,0,0,2,3,3,3,1,1,1618
4,2,1,2,1,2,4,0,0,1619
4,3,0,3,2,1,2,0,0,1620
1,0,3,0,2,0,4,0,0,1621
4,0,3,2,0,1,3,1,1,1622
1,2,2,1,1,3,0,1,1,1623
0,0,3,3,4,2,3,0,0,1624
3,0,3,1,0,3,4,0,0,1625
3,0,0,0,1,3,3,0,0,1626
3,3,3,3,3,3,4,0,0,1627
3,2,3,2,3,0,0,1,1,1628
3,0,1,1,2,3,0,1,1,1629
3,0,3,2,4,1,2,1,1,1630
3,3,1,2,3,1,0,1,1,1631
0,2,3,3,1,2,1,1,0,1632
4,4,3,1,1,1,3,1,1,1633
2,3,2,0,3,3,3,1,1,1634
1,2,2,2,1,3,4,0,0,1635
2,0,1,3,1,1,0,0,0,1636
2,2,3,3,2,2,2,0,0,1637
4,2,0,0,4,2,2,0,0,1638
4,2,2,3,2,1,2,0,0,1639
4,4,0,2,4,0,1,0,0,1640
3,2,2,3,1,0,0,1,1,1641
0,4,2,1,4,0,2,0,0,1642
3,0,3,1,1,0,1,1,0,1643
0,4,2,2,1,1,3,0,0,1644
0,0,0,1,2,2,4,1,0,1645
2,0,2,0,2,3,0,1,1,1646
2,4,1,3,0,3,0,0,0,1647
0,3,3,2,3,1,3,0,0,1648
0,1,3,0,0,3,0,0,0,1649
3,2,1,3,0,0,0,0,0,1650
3,1,1,0,4,2,0,0,0,1651
2,2,1,2,1,1,0,1,1,1652
4,2,2,2,1,2,1,0,0,1653
0,0,3,0,1,1,1,1,1,1654
3,2,1,3,3,1,4,1,1,1655
2,2,2,1,4,1,0,1,1,1656
3,4,1,1,4,1,3,0,0,1657
0,1,0,0,1,2,2,0,0,1658
0,4,0,2,0,3,4,0,0,1659
1,2,3,3,3,1,2,0,0,1660
4,0,2,3,0,0,2,0,0,1661
1,4,0,2,2,1,0,0,0,1662
2,4,0,1,4,2,3,1,1,1663
3,3,2,3,4,1,2,0,0,1664
2,2,1,0,0,0,2,1,0,1665
0,0,2,1,3,2,4,1,0,1666
1,4,1,0,4,1,3,0,0,1667
1,4,0,1,0,0,3,0,0,1668
1,0,0,2,3,2,2,0,0,1669
2,2,0,0,0,1,3,0,0,1670
0,3,3,0,3,0,4,0,0,1671
3,4,3,2,1,2,4,0,0,1672
3,3,3,0,3,1,4,1,1,1673
2,1,2,1,2,2,0,1,1,1674
1,2,0,3,1,0,2,1,0,1675
4,1,0,3,0,1,3,1,1,1676
2,1,2,2,1,1,4,1,1,1677
2,1,3,1,1,1,2,1,1,1678
0,2,2,0,0,0,2,0,0,1679
3,2,3,0,0,3,0,0,0,1680
2,0,0,3,2,1,3,0,0,1681
2,3,1,0,0,0,3,1,1,1682
1,3,3,3,4,2,4,1,0,1683
1,0,0,2,4,2,4,1,0,1684
4,0,0,0,2,0,2,0,0,1685
0,1,1,1,3,3,3,0,0,1686
4,0,0,0,3,0,3,0,0,1687
1,4,0,3,4,2,4,1,0,1688
3,3,3,2,0,2,1,1,0,1689
1,0,3,3,2,1,2,1,1,1690
0,4,1,0,3,3,3,0,0,1691
1,4,1,3,3,0,0,1,1,1692
0,4,0,3,1,2,0,0,0,1693
0,4,3,2,4,2,1,0,0,1694
0,1,1,1,0,2,4,0,0,1695
0,4,1,0,2,0,4,0,0,1696
0,1,2,2,3,0,4,0,0,1697
3,1,1,1,1,3,0,0,0,1698
4,4,0,3,4,1,4,0,0,1699
2,3,3,1,4,1,0,1,1,1700
4,4,1,3,2,1,1,0,0,1701
0,4,2,3,3,2,2,1,0,1702
3,4,3,2,2,1,3,0,0,1703
1,3,1,3,2,2,1,0,0,1704
3,2,2,2,1,3,0,0,0,1705
0,2,1,1,4,2,1,1,0,1706
3,1,3,1,0,3,3,0,0,1707
3,1,3,3,4,3,2,0,0,1708
0,3,3,2,4,1,3,1,1,1709
3,0,0,3,1,1,0,1,1,1710
2,2,1,2,0,2,3,1,1,1711
2,1,0,2,3,0,1,1,0,1712
3,2,3,2,0,1,4,0,0,1713
1,3,2,1,3,1,1,0,0,1714
0,3,1,2,0,0,0,1,1,1715
2,0,0,1,2,0,2,0,0,1716
1,0,1,2,0,1,3,1,1,1717
3,3,2,1,1,0,2,1,0,1718
1,1,0,0,3,2,0,1,1,1719
4,2,3,1,4,3,3,0,0,1720
2,4,0,1,1,3,1,1,1,1721
3,0,1,3,3,1,1,0,0,1722
0,4,1,2,3,1,0,0,0,1723
3,1,1,0,4,2,3,0,0,1724
0,0,1,3,2,0,1,1,0,1725
3,4,3,2,1,1,0,0,0,1726
1,1,0,0,4,3,0,1,1,1727
1,2,3,0,4,2,2,0,0,1728
1,1,3,0,2,2,1,0,0,1729
4,0,3,2,1,0,3,0,0,1730
0,3,1,0,4,1,1,1,1,1731
1,2,1,0,2,1,1,1,1,1732
4,4,1,3,1,2,1,1,0,1733
0,0,0,1,0,3,0,1,1,1734
3,3,2,2,3,1,4,0,0,1735
4,1,1,1,2,3,4,0,0,1736
2,3,0,3,3,2,2,1,0,1737
4,0,1,1,0,1,1,1,1,1738
4,0,1,0,4,3,4,1,1,1739
0,3,3,0,4,2,2,1,0,1740
3,1,3,2,1,3,0,0,0,1741
2,3,3,2,2,1,1,1,1,1742
1,0,0,2,2,0,3,1,1,1743
1,0,2,3,1,3,0,0,0,1744
4,4,2,2,3,0,2,1,0,1745
0,4,0,3,4,1,0,0,0,1746
0,2,1,0,4,0,3,1,1,1747
1,0,0,1,2,2,0,0,0,1748
2,4,1,0,2,0,2,1,0,1749
3,3,0,0,1,3,3,1,1,1750
2,1,0,0,0,3,3,1,1,1751
3,3,0,2,3,0,0,1,1,1752
1,1,2,2,0,2,3,1,1,1753
3,4,3,2,0,1,0,0,0,1754
0,2,0,1,2,0,1,1,0,1755
4,3,2,2,2,3,3,0,0,1756
4,3,3,3,2,3,0,0,0,1757
1,3,3,0,0,0,1,0,0,1758
0,1,0,1,3,0,3,0,0,1759
2,4,1,1,2,0,1,1,0,1760
0,3,1,1,4,1,3,1,1,1761
4,3,1,1,3,3,2,1,1,1762
4,2,0,1,4,3,2,1,1,1763
0,2,1,3,3,3,0,0,0,1764
0,4,2,0,2,1,4,0,0,1765
4,4,2,1,1,2,2,0,0,1766
2,0,2,0,2,3,4,1,1,1767
1,2,2,2,0,3,1,1,1,1768
1,0,3,1,0,2,1,1,0,1769
0,1,2,1,3,1,4,1,1,1770
1,0,1,0,0,2,0,0,0,1771
4,3,0,1,2,2,3,1,1,1772
4,0,1,1,4,2,4,1,0,1773
0,4,2,1,2,2,4,0,0,1774
0,1,3,3,3,1,4,0,0,1775
0,3,2,3,0,1,4,1,1,1776
2,0,0,1,4,2,4,1,0,1777
1,1,1,3,1,0,0,0,0,1778
0,1,0,2,4,0,2,1,0,1779
3,3,0,1,4,0,3,0,0,1780
3,0,0,2,2,0,2,0,0,1781
4,1,1,0,1,3,4,1,1,1782
1,1,2,2,3,1,2,0,0,1783
0,2,0,0,3,1,0,1,1,1784
3,1,1,1,4,2,1,1,0,1785
1,2,3,0,4,3,2,1,1,1786
4,0,1,0,0,2,3,1,1,1787
2,0,3,2,1,2,0,0,0,1788
1,0,1,2,4,1,1,1,1,1789
1,4,2,2,0,3,0,1,1,1790
2,0,0,1,1,0,4,0,0,1791
1,1,2,1,3,1,1,1,1,1792
4,3,1,2,0,3,3,1,1,1793
4,2,0,1,1,3,1,1,1,1794
2,4,3,1,0,1,3,1,1,1795
0,0,1,0,4,1,4,0,0,1796
3,0,0,0,2,2,3,0,0,1797
0,3,3,2,3,2,0,1,1,1798
1,3,3,1,4,2,2,0,0,1799
3,4,2,0,4,0,0,0,0,1800
2,2,1,3,1,1,0,0,0,1801
2,0,3,1,0,3,1,0,0,1802
3,4,0,3,3,1,4,1,1,1803
4,1,3,2,4,3,2,0,0,1804
3,1,3,1,1,0,3,1,1,1805
1,4,2,2,3,1,1,1,1,1806
4,0,2,2,0,3,4,0,0,1807
2,4,0,2,4,3,2,1,1,1808
3,0,2,2,4,2,0,0,0,1809
0,3,3,2,4,0,4,1,0,1810
0,4,3,1,3,1,4,1,1,1811
1,0,2,3,3,2,4,0,0,1812
0,4,3,1,3,0,0,1,1,1813
3,4,3,1,3,2,3,0,0,1814
3,0,0,1,1,1,1,1,1,1815
0,0,2,0,2,3,3,1,1,1816
3,2,3,0,1,1,2,0,0,1817
1,4,2,1,4,0,1,0,0,1818
4,1,0,3,1,1,2,0,0,1819
1,4,2,1,0,0,0,1,1,1820
1,4,3,2,3,2,3,0,0,1821
3,0,2,0,0,0,4,0,0,1822
4,4,3,0,0,3,1,0,0,1823
3,4,3,1,4,3,4,0,0,1824
2,1,3,1,3,3,2,1,1,1825
3,0,0,3,0,2,4,1,0,1826
3,4,2,3,4,0,4,1,0,1827
3,3,0,2,3,2,0,1,1,1828
4,2,2,1,2,1,0,1,1,1829
3,1,0,1,4,1,3,1,1,1830
4,4,1,1,1,1,2,0,0,1831
0,3,3,0,3,1,0,1,1,1832
2,4,3,2,0,3,0,0,0,1833
4,4,0,3,0,0,3,0,0,1834
0,0,1,0,1,3,1,0,0,1011
4,0,3,0,1,0,3,0,0,1835
4,0,2,0,0,0,4,1,0,1836
2,3,0,0,3,2,4,1,0,1837
1,4,3,2,4,1,0,1,1,1838
1,2,3,1,1,0,0,0,0,1839
4,1,0,3,1,1,3,1,1,1840
3,0,0,3,1,1,3,1,1,1841
0,0,2,0,2,1,2,1,1,1842
3,4,2,0,3,3,4,1,1,1843
3,4,3,2,3,1,3,1,1,1844
4,3,3,0,3,0,1,1,0,1845
4,3,0,3,3,3,2,0,0,1846
4,0,3,3,3,1,3,0,0,1847
4,4,3,1,0,2,0,1,1,1848
1,2,0,1,1,1,3,0,0,1849
4,1,3,3,0,1,0,0,0,1850
1,4,3,3,2,3,0,1,1,1851
1,4,1,2,4,0,4,0,0,1852
4,3,2,2,1,1,4,1,1,1853
2,1,0,3,2,3,3,0,0,1854
0,0,1,0,0,3,3,1,1,1855
3,4,2,1,4,0,1,0,0,1856
1,0,2,3,2,3,2,0,0,1857
0,4,2,0,4,0,2,0,0,1858
2,0,1,3,2,2,3,0,0,1859
3,1,1,1,0,1,4,1,1,1860
3,3,2,1,4,3,1,0,0,1861
1,1,3,2,2,2,2,1,0,1862
4,2,3,2,0,3,3,1,1,1863
2,3,1,2,1,3,4,0,0,1864
1,1,1,2,0,2,4,0,0,1865
2,2,1,1,0,3,4,1,1,1866
4,4,2,0,1,3,0,0,0,1867
4,4,3,0,0,2,4,1,0,1868
1,0,1,0,1,3,3,0,0,1869
4,3,1,3,1,0,1,1,0,1870
0,4,0,2,1,3,3,0,0,1871
3,3,2,2,2,1,4,0,0,1872
1,4,0,1,4,3,1,1,1,1873
2,0,3,1,2,1,2,1,1,1874
0,1,0,3,1,1,2,1,1,1875
1,0,0,3,4,3,3,0,0,1876
4,2,0,0,4,2,1,0,0,1877
4,4,2,1,1,0,3,0,0,1878
4,2,3,2,4,0,1,0,0,1879
4,2,0,0,4,3,1,1,1,1880
2,3,2,2,2,2,3,1,1,1881
0,4,3,0,4,2,1,0,0,1882
3,2,1,2,1,0,4,0,0,1883
2,1,0,3,3,2,1,0,0,1884
2,2,3,0,3,3,1,1,1,1885
3,1,0,2,3,3,3,1,1,1886
3,3,1,2,1,2,2,0,0,1887
4,2,3,1,3,3,0,1,1,1888
2,0,2,0,2,1,1,0,0,1889
1,3,3,2,1,0,0,0,0,1890
3,1,2,1,1,3,1,1,1,1891
3,3,3,2,1,2,3,1,1,1892
0,2,2,0,4,0,3,1,1,1893
1,4,1,3,4,3,1,1,1,1894
1,4,1,0,4,0,3,0,0,1895
3,1,1,0,0,2,3,1,1,1896
4,1,3,2,2,1,1,1,1,1897
0,4,1,2,1,1,2,1,1,1898
1,1,0,0,1,3,1,1,1,1899
3,3,1,1,4,1,2,0,0,1900
1,0,2,1,1,3,3,0,0,1901
0,0,2,1,1,0,2,1,0,1902
0,3,2,2,3,3,3,1,1,1903
2,0,3,2,1,3,2,0,0,1904
3,2,0,0,0,3,2,0,0,1905
0,3,1,3,4,1,1,1,1,1906
2,1,0,2,2,3,2,0,0,1907
2,3,0,0,2,2,3,0,0,1908
1,4,2,0,3,3,1,0,0,1909
1,1,2,3,2,0,2,0,0,1910
2,4,2,1,2,2,1,1,0,1911
1,1,3,0,4,0,0,0,0,1912
0,0,0,0,4,0,1,0,0,1913
4,3,0,0,0,0,0,1,1,1914
0,2,3,1,3,2,0,1,1,1915
2,1,3,1,2,2,1,1,0,1916
2,1,3,3,0,1,3,0,0,1917
0,4,0,2,3,2,3,1,1,1918
1,0,0,1,2,3,3,0,0,1919
1,4,2,2,2,0,4,1,0,1920
2,4,2,2,4,1,0,0,0,1921
3,0,0,1,1,2,1,1,0,1922
1,2,2,0,3,0,3,1,1,1923
0,4,3,3,2,2,3,0,0,1924
1,4,1,2,3,1,1,1,1,1925
0,1,2,0,0,2,0,1,1,1926
2,0,0,1,0,2,1,1,0,1927
1,3,2,2,1,0,4,1,0,1928
0,2,2,2,2,3,4,1,1,1929
2,2,2,2,4,2,1,0,0,1930
3,0,1,0,2,1,0,0,0,1931
0,1,3,0,3,2,3,1,1,1932
3,1,0,0,0,2,4,1,0,1933
3,0,1,2,3,3,4,0,0,1934
4,1,0,2,1,0,0,0,0,1935
1,2,0,3,0,1,4,1,1,1936
0,2,0,3,4,0,4,0,0,1937
3,3,1,0,0,0,0,1,1,1938
4,0,3,0,2,0,1,1,0,1939
2,4,0,1,2,2,3,1,1,1940
0,4,3,0,0,3,3,1,1,1941
3,3,3,3,1,2,4,0,0,1942
1,3,2,3,2,1,3,0,0,1943
4,1,1,3,2,3,1,0,0,1944
3,3,1,2,4,0,4,1,0,1945
1,3,2,2,0,3,3,0,0,1946
3,4,2,0,2,1,2,1,1,1947
0,1,3,1,1,2,2,1,0,1948
0,3,0,1,3,2,2,0,0,1949
0,3,1,1,0,0,2,1,0,1950
4,1,0,2,4,2,2,1,0,1951
0,0,0,3,2,2,4,1,0,1952
1,1,2,3,1,1,0,0,0,1953
3,4,0,2,0,3,0,1,1,1954
2,0,3,1,1,2,4,0,0,1955
1,2,2,1,1,1,4,1,1,1956
1,1,0,0,4,1,1,0,0,1957
0,4,2,0,0,0,0,1,1,1958
4,0,3,1,2,1,2,0,0,1959
3,1,3,2,4,0,4,0,0,1960
4,3,0,1,2,2,2,1,0,1961
3,1,2,0,3,0,0,1,1,1962
3,2,0,1,1,1,3,1,1,1963
4,1,0,2,3,3,3,1,1,1964
1,0,2,3,1,3,4,0,0,1965
3,0,0,2,4,2,1,1,0,1966
4,1,3,2,2,2,2,0,0,1967
3,0,2,0,2,3,4,1,1,1968
2,3,2,2,4,0,1,0,0,1969
1,1,2,2,0,2,2,0,0,1970
0,3,2,0,3,1,0,0,0,1971
3,3,0,0,3,2,3,1,1,1972
2,4,0,3,2,0,1,1,0,1973
0,1,3,1,2,2,2,0,0,1974
0,0,1,2,2,1,4,0,0,1975
3,3,1,0,4,1,2,0,0,1976
4,4,3,3,0,1,4,0,0,1977
3,1,1,1,3,0,3,0,0,1978
2,1,3,0,1,0,3,1,1,1979
0,2,0,1,4,1,2,0,0,1980
3,2,2,1,3,1,2,1,1,1981
4,3,2,2,0,0,4,1,0,1982
3,2,0,2,4,0,4,1,0,1983
1,3,2,0,3,0,1,0,0,1984
4,0,2,1,4,3,1,0,0,1985
2,3,1,0,3,0,1,0,0,1986
0,2,0,0,3,1,2,0,0,1987
3,0,1,1,0,3,1,1,1,1988
4,2,1,0,1,0,2,1,0,1989
1,3,2,1,0,1,3,1,1,1990
4,4,2,1,3,2,0,0,0,1991
1,1,0,1,4,3,3,0,0,1992
2,2,2,1,0,1,2,0,0,1993
0,3,2,3,1,2,2,0,0,1994
2,0,0,1,3,1,0,0,0,1995
3,2,2,2,0,0,4,0,0,1996
4,2,1,2,0,0,4,1,0,1997
1,1,0,2,0,2,4,1,0,1998
1,3,2,1,0,0,1,0,0,1999
4,4,3,2,4,1,4,1,1,2000
4,0,0,3,1,2,1,1,0,2001
3,3,0,0,1,1,1,1,1,2002
2,0,3,1,3,1,4,1,1,2003
1,2,2,2,2,1,4,0,0,2004
3,1,2,3,4,0,0,1,1,2005
2,1,0,0,3,0,0,0,0,2006
3,4,0,3,3,1,1,0,0,2007
1,1,2,2,0,3,0,1,1,2008
4,2,2,3,2,1,1,0,0,2009
4,4,1,0,2,1,2,1,1,2010
2,3,0,2,4,2,1,0,0,2011
0,1,0,0,2,1,1,0,0,2012
2,4,3,3,3,0,0,1,1,2013
0,2,1,1,2,2,2,1,0,2014
3,0,2,1,2,3,3,0,0,2015
3,0,1,1,1,2,3,1,1,2016
1,2,2,1,3,3,3,0,0,2017
0,2,2,0,2,2,2,1,0,2018
1,0,1,1,2,2,4,0,0,2019
4,4,0,0,0,3,2,0,0,2020
0,0,2,2,2,0,0,0,0,2021
2,2,1,1,2,0,1,0,0,2022
4,1,3,0,1,0,1,0,0,2023
4,3,1,1,3,2,0,1,1,2024
2,1,3,1,4,1,0,0,0,2025
4,1,2,1,3,2,1,1,0,2026
0,2,1,0,0,1,4,1,1,2027
1,0,1,3,3,1,4,0,0,2028
4,4,3,1,2,0,4,0,0,2029
0,1,1,1,0,1,0,1,1,2030
3,0,1,2,3,2,1,0,0,2031
0,4,2,3,0,2,1,0,0,2032
1,1,1,0,4,0,1,1,0,2033
0,4,0,2,3,3,2,1,1,2034
2,0,3,1,2,2,2,1,0,2035
1,3,1,2,0,1,3,1,1,2036
3,0,3,2,1,2,2,1,0,2037
2,2,3,1,0,2,4,1,0,2038
0,4,3,3,1,2,4,0,0,2039
1,3,1,3,2,3,4,1,1,2040
3,4,1,2,4,1,4,1,1,2041
2,4,3,1,1,0,3,0,0,2042
3,1,0,0,4,2,4,0,0,2043
0,2,3,2,0,1,0,0,0,2044
3,4,0,0,2,1,0,0,0,2045
4,0,3,2,1,0,0,0,0,2046
2,0,2,2,0,2,2,0,0,2047
3,1,3,1,3,3,1,1,1,2048
0,2,3,1,0,1,3,0,0,2049
0,2,1,0,4,0,0,0,0,2050
3,0,0,0,2,3,0,0,0,2051
0,3,2,3,2,1,4,0,0,2052
1,1,0,1,0,2,0,1,1,2053
1,1,2,2,3,1,4,0,0,2054
1,0,3,2,4,3,4,0,0,2055
4,0,1,3,0,3,1,1,1,2056
3,3,1,1,0,2,2,1,0,2057
4,3,0,2,2,2,4,1,0,2058
0,2,1,3,4,0,4,0,0,2059
4,1,0,3,3,2,1,1,0,2060
0,1,0,2,2,0,4,1,0,2061
0,0,2,2,0,3,3,1,1,2062
2,2,0,0,2,3,2,0,0,2063
1,1,2,1,2,1,3,0,0,2064
0,2,1,0,1,1,0,1,1,2065
2,2,0,3,2,0,2,0,0,2066
1,0,0,2,2,2,0,0,0,2067
0,2,3,0,4,2,4,0,0,2068
0,3,0,3,2,1,1,0,0,2069
4,3,0,1,3,3,3,0,0,2070
4,4,3,2,0,0,0,1,1,2071
1,0,3,0,4,3,4,1,1,2072
0,4,1,1,2,3,3,1,1,2073
3,3,0,0,3,2,3,1,1,2074
4,4,1,3,0,0,0,0,0,2075
1,0,1,1,4,3,4,1,1,2076
0,0,3,0,3,1,1,1,1,2077
0,2,2,1,2,1,0,0,0,2078
3,1,1,3,1,2,3,0,0,2079
1,2,2,1,1,1,3,0,0,2080
0,0,0,0,4,1,2,0,0,2081
4,3,3,3,3,3,4,1,1,2082
3,3,0,2,0,1,2,0,0,2083
1,2,0,0,3,1,1,0,0,2084
3,0,3,0,1,3,0,0,0,2085
4,3,0,3,4,2,3,0,0,2086
1,0,3,3,2,2,4,0,0,2087
3,3,2,2,3,0,3,0,0,2088
2,0,0,0,1,1,2,1,1,2089
4,4,3,3,0,3,2,1,1,2090
4,0,1,2,4,0,0,1,1,2091
4,0,0,2,2,2,4,0,0,2092
2,2,2,3,3,2,4,0,0,2093
2,4,3,0,0,3,0,1,1,2094
0,1,0,1,2,0,2,1,0,2095
3,2,0,1,1,0,2,1,0,2096
0,1,0,2,1,3,2,1,1,2097
3,3,2,1,0,3,3,0,0,2098
2,1,3,1,1,0,1,1,0,2099
2,0,1,3,4,2,2,0,0,2100
0,1,1,2,0,1,1,0,0,2101
1,2,1,0,1,2,1,0,0,2102
0,2,3,2,3,3,4,1,1,2103
3,1,1,3,1,0,0,1,1,2104
0,2,2,1,4,0,3,1,1,2105
4,2,3,0,2,1,1,0,0,2106
3,1,0,2,2,0,3,0,0,2107
3,4,2,1,1,1,4,1,1,2108
1,4,0,2,2,2,2,0,0,2109
2,3,1,0,1,2,1,1,0,2110
3,2,2,2,4,0,0,0,0,2111
2,1,3,2,2,0,4,0,0,2112
0,2,2,2,3,3,3,0,0,2113
4,0,0,1,1,3,2,0,0,2114
1,2,3,0,2,0,3,0,0,2115
2,2,2,0,4,0,0,0,0,2116
3,4,2,1,4,2,1,0,0,2117
2,1,2,1,3,0,0,1,1,2118
3,2,2,1,4,3,3,0,0,2119
2,4,3,3,4,2,3,0,0,2120
3,3,0,2,2,1,0,1,1,2121
0,4,2,2,1,3,0,1,1,2122
3,4,3,0,0,3,0,1,1,2123
3,4,0,2,4,2,2,1,0,2124
4,2,2,3,4,1,3,0,0,2125
3,2,0,1,0,3,4,0,0,2126
4,3,0,0,4,0,2,1,0,2127
1,0,3,0,2,3,2,0,0,2128
4,0,0,2,2,2,2,1,0,2129
0,0,3,0,0,2,4,0,0,2130
4,3,2,1,4,2,0,0,0,2131
1,0,0,0,4,3,3,0,0,2132
0,0,0,1,1,1,1,0,0,2133
2,4,1,3,4,0,1,0,0,2134
2,2,2,3,2,2,3,1,1,2135
4,2,2,1,3,1,4,0,0,2136
4,4,1,2,3,0,1,0,0,2137
1,4,1,0,3,2,2,0,0,2138
1,4,3,2,3,0,1,0,0,2139
3,2,3,0,4,0,3,0,0,2140
1,0,0,3,4,1,2,1,1,2141
3,4,0,3,1,0,1,0,0,2142
0,3,0,3,4,2,3,1,1,2143
4,4,0,0,3,1,4,0,0,2144
0,1,3,3,0,3,3,0,0,2145
1,4,2,3,0,3,4,1,1,2146
0,2,0,3,2,1,2,0,0,2147
0,4,2,3,2,3,3,0,0,2148
0,1,0,2,4,0,0,1,1,2149
1,3,1,3,0,2,0,0,0,2150
0,0,0,3,3,0,0,1,1,2151
3,4,0,2,3,1,0,1,1,2152
1,1,0,2,3,2,0,1,1,2153
0,1,3,0,4,1,4,0,0,2154
1,3,1,1,4,1,3,0,0,2155
2,2,0,3,1,1,2,1,1,2156
3,4,0,3,3,0,0,0,0,2157
0,1,2,3,3,2,0,1,1,2158
2,3,1,0,4,2,2,0,0,2159
2,0,0,3,4,2,2,1,0,2160
1,1,2,1,1,0,0,0,0,2161
2,3,2,2,1,3,4,1,1,2162
3,2,3,0,2,0,2,0,0,2163
3,2,2,2,0,0,3,1,1,2164
4,1,0,3,3,1,3,0,0,2165
3,1,3,3,3,2,4,1,0,2166
2,4,3,3,1,2,1,0,0,2167
3,3,0,1,1,3,4,0,0,2168
1,1,1,1,2,3,0,1,1,2169
4,4,2,0,0,1,1,0,0,2170
2,4,3,2,2,2,0,0,0,2171
4,1,1,3,0,3,3,0,0,2172
2,2,0,3,3,3,2,0,0,2173
1,3,2,3,2,2,0,1,1,2174
4,3,2,3,1,0,3,0,0,2175
0,2,3,1,2,3,4,0,0,2176
2,1,2,2,2,2,0,1,1,2177
0,3,2,2,3,3,3,0,0,2178
4,1,2,0,1,1,2,1,1,2179
0,1,2,1,1,3,0,0,0,2180
0,4,0,3,4,2,3,1,1,2181
4,2,1,2,4,3,0,0,0,2182
1,1,0,2,4,1,2,1,1,2183
0,0,0,1,3,1,0,1,1,2184
0,2,3,0,2,3,0,1,1,2185
1,3,2,0,1,3,3,0,0,2186
0,4,0,3,1,1,1,1,1,2187
0,3,2,0,2,1,0,0,0,2188
0,3,0,2,1,0,1,1,0,2189
3,2,0,0,2,0,4,1,0,2190
1,3,3,3,3,1,0,1,1,2191
0,1,1,2,3,3,1,0,0,2192
1,3,1,0,3,2,4,0,0,2193
2,4,0,0,2,3,3,1,1,2194
2,4,3,1,2,3,0,1,1,2195
0,0,2,3,0,0,3,1,1,2196
1,4,2,0,1,0,4,1,0,2197
1,3,0,1,1,0,3,1,1,2198
1,4,1,2,0,1,3,1,1,2199
3,2,3,1,0,1,2,1,1,2200
2,4,1,1,3,3,4,1,1,2201
1,1,2,0,0,3,3,0,0,2202
1,2,1,0,2,2,1,1,0,2203
3,0,2,0,4,3,4,0,0,2204
3,1,3,1,2,3,2,1,1,2205
1,3,3,2,0,0,0,0,0,2206
4,3,0,3,1,0,3,0,0,2207
1,3,0,1,2,0,1,1,0,2208
1,1,1,0,1,0,2,0,0,2209
3,1,3,3,2,0,4,0,0,2210
3,1,3,2,1,2,3,1,1,2211
1,2,0,3,2,2,2,1,0,2212
1,2,2,0,1,2,2,1,0,2213
1,3,1,1,4,0,1,0,0,2214
3,4,1,1,3,1,0,1,1,2215
1,3,0,0,2,0,0,0,0,2216
1,0,3,1,4,0,0,1,1,2217
0,2,0,0,3,2,4,1,0,2218
4,1,0,1,2,0,2,0,0,2219
2,2,0,1,4,2,4,0,0,2220
4,1,0,1,4,0,2,0,0,2221
0,0,2,2,4,3,1,1,1,2222
2,0,2,2,0,1,1,1,1,2223
1,2,3,0,1,1,4,1,1,2224
0,1,0,2,3,2,4,0,0,2225
1,0,2,0,1,3,1,0,0,2226
3,3,3,3,1,1,3,0,0,2227
0,3,0,3,1,2,0,0,0,2228
3,1,1,2,4,0,0,1,1,2229
0,2,2,3,1,0,1,0,0,2230
0,0,3,3,0,3,0,0,0,2231
3,2,1,1,2,1,3,1,1,2232
2,3,0,1,4,0,3,1,1,2233
4,0,0,0,3,2,2,0,0,2234
1,2,0,3,2,0,4,0,0,2235
0,4,2,0,2,0,0,0,0,2236
1,1,3,0,2,1,3,0,0,2237
3,1,1,3,1,1,4,0,0,2238
1,4,3,2,1,2,4,0,0,2239
3,3,2,3,4,3,2,1,1,2240
1,0,3,1,1,3,4,1,1,2241
4,1,2,3,1,0,4,1,0,2242
4,4,0,2,1,2,1,1,0,2243
4,4,1,0,4,3,2,0,0,2244
4,3,0,0,4,3,2,0,0,2245
4,3,3,1,0,0,0,0,0,2246
4,2,0,1,0,2,4,0,0,2247
3,1,1,1,0,3,0,1,1,2248
0,2,0,0,0,1,3,0,0,2249
1,4,1,1,2,1,4,0,0,2250
4,0,1,3,2,0,3,0,0,2251
3,0,0,0,0,0,1,0,0,2252
3,3,2,2,0,0,4,1,0,2253
3,0,3,0,3,0,0,0,0,2254
0,0,2,3,2,3,0,1,1,2255
1,0,2,3,3,2,4,0,0,2256
0,4,0,1,3,0,0,0,0,2257
2,0,3,0,1,0,4,0,0,2258
3,0,3,0,4,3,2,1,1,2259
2,0,2,0,2,0,0,0,0,2260
4,2,0,2,0,0,4,0,0,2261
4,4,3,1,0,2,4,0,0,2262
0,3,2,3,4,1,0,1,1,2263
1,2,3,3,2,0,2,1,0,2264
2,1,0,1,0,3,0,0,0,2265
1,4,0,3,0,2,4,1,0,2266
0,4,0,3,1,3,2,0,0,2267
4,1,3,1,3,2,3,0,0,2268
1,1,1,3,0,2,1,1,0,2269
1,1,3,0,2,0,0,0,0,2270
4,3,1,2,4,0,4,0,0,2271
2,0,0,1,1,0,2,1,0,2272
4,4,2,2,2,1,2,1,1,2273
1,0,1,3,1,1,3,1,1,2274
2,0,0,3,3,3,0,1,1,2275
2,1,0,0,0,0,2,0,0,2276
4,3,1,1,2,1,3,0,0,2277
1,2,2,3,4,0,4,0,0,2278
0,3,0,1,3,1,3,0,0,2279
1,0,1,1,3,1,0,0,0,2280
3,3,2,1,1,2,3,0,0,2281
0,1,2,1,3,0,2,0,0,2282
2,2,0,1,2,0,2,0,0,2283
0,1,3,2,1,1,1,1,1,2284
2,2,3,0,3,0,3,0,0,2285
2,0,0,1,4,1,4,0,0,2286
0,2,2,2,2,0,0,0,0,2287
2,2,0,3,4,2,1,0,0,2288
2,2,1,1,4,0,3,0,0,2289
3,3,3,3,1,2,4,1,0,2290
1,3,1,1,0,3,1,1,1,2291
1,0,0,2,1,0,2,1,0,2292
3,2,0,2,2,0,0,0,0,2293
0,4,2,2,2,0,3,0,0,2294
4,0,2,0,1,2,4,0,0,2295
4,2,2,3,0,0,2,0,0,2296
4,2,1,0,1,0,1,1,0,2297
3,3,2,1,2,1,0,1,1,2298
3,0,0,3,0,3,1,0,0,2299
2,2,2,2,2,2,1,0,0,2300
4,2,3,3,0,1,4,1,1,2301
0,0,2,2,0,2,2,1,0,2302
0,4,1,0,1,1,3,1,1,2303
4,0,3,0,1,3,4,1,1,2304
4,0,3,2,1,1,0,1,1,2305
4,4,3,2,0,2,1,1,0,2306
3,0,1,1,0,0,0,1,1,2307
3,2,0,0,2,0,4,0,0,2308
3,0,2,0,4,3,4,0,0,2309
1,4,3,1,1,2,3,1,1,2310
0,1,3,0,2,2,1,0,0,2311
0,0,3,2,2,2,4,1,0,2312
2,3,0,3,3,3,0,0,0,2313
3,2,0,3,1,0,3,1,1,2314
1,2,1,0,2,1,0,0,0,2315
1,3,0,1,3,3,1,1,1,2316
0,3,2,2,1,1,3,0,0,2317
3,0,1,3,0,0,3,0,0,2318
2,3,1,2,3,3,3,1,1,2319
3,1,2,0,0,0,2,1,0,2320
4,4,2,0,4,1,3,1,1,2321
3,3,2,3,4,2,0,0,0,2322
4,3,1,0,4,2,0,0,0,2323
4,1,1,1,4,1,1,0,0,2324
2,2,1,0,2,2,4,0,0,2325
0,2,2,0,4,1,4,1,1,2326
3,0,2,0,2,3,2,1,1,2327
4,1,3,2,2,3,3,0,0,2328
3,4,0,2,1,3,2,1,1,2329
0,4,3,3,2,2,1,1,0,2330
0,1,2,3,2,0,1,1,0,2331
1,4,1,3,4,2,4,1,0,2332
0,2,2,0,2,2,1,0,0,2333
2,4,0,2,0,0,3,1,1,2334
4,4,3,1,4,0,0,1,1,2335
1,1,3,0,3,0,1,1,0,2336
2,1,1,0,4,0,2,0,0,2337
3,4,3,0,2,2,3,1,1,2338
4,3,3,1,0,1,1,0,0,2339
0,1,2,3,4,3,1,0,0,2340
4,0,3,1,0,1,3,1,1,2341
3,0,3,3,3,2,1,1,0,2342
1,2,3,1,3,0,0,0,0,2343
1,4,1,2,1,3,4,0,0,2344
1,3,1,0,1,3,3,0,0,2345
0,2,2,0,4,1,2,0,0,2346
2,4,3,0,1,2,1,1,0,2347
2,1,1,3,0,2,4,0,0,2348
4,0,1,1,1,2,2,1,0,2349
0,3,2,2,0,3,2,1,1,2350
1,0,0,1,1,1,0,0,0,2351
1,1,3,0,1,3,4,1,1,2352
3,4,1,2,1,3,3,0,0,2353
3,1,2,2,2,0,4,0,0,2354
1,1,2,0,2,1,4,0,0,2355
1,0,2,1,1,0,2,1,0,2356
0,3,1,0,0,2,0,1,1,2357
2,1,3,1,4,3,0,0,0,2358
3,0,0,2,3,1,4,1,1,2359
2,3,3,2,2,2,4,1,0,2360
0,4,2,0,1,1,1,1,1,2361
1,4,2,2,3,3,2,1,1,2362
2,2,0,3,2,1,3,1,1,2363
1,0,3,2,4,2,3,0,0,2364
1,3,2,3,0,0,0,1,1,2365
4,1,2,2,1,3,2,1,1,2366
2,4,3,0,4,0,0,0,0,2367
2,3,2,0,2,3,3,1,1,2368
1,0,3,3,1,2,4,1,0,2369
0,2,2,0,3,3,2,1,1,2370
4,4,3,2,0,0,2,0,0,2371
1,3,0,2,2,3,1,1,1,2372
3,3,2,0,0,2,4,1,0,2373
3,3,0,2,1,3,4,0,0,2374
4,0,2,1,4,0,0,0,0,2375
0,0,2,1,0,2,2,1,0,2376
1,0,1,2,3,0,0,0,0,2377
2,1,3,0,2,3,4,0,0,2378
4,3,0,3,3,1,1,0,0,2379
0,4,0,0,0,0,2,1,0,156
2,0,0,3,4,3,4,1,1,2380
3,0,3,0,4,1,1,0,0,2381
3,3,1,2,3,1,3,0,0,2382
2,0,0,1,1,2,4,0,0,2383
4,1,3,0,1,1,3,0,0,2384
3,1,2,3,4,0,0,1,1,2385
1,0,0,1,3,0,3,0,0,2386
2,3,0,3,3,1,4,1,1,2387
2,3,1,2,3,3,3,0,0,2388
3,3,0,1,0,0,2,1,0,2389
4,2,0,3,1,0,4,1,0,2390
1,0,2,0,1,2,1,0,0,2391
4,3,3,2,0,3,3,1,1,2392
0,1,3,2,2,1,2,1,1,2393
0,4,1,2,0,3,0,1,1,2394
3,4,2,0,3,2,0,0,0,2395
3,3,3,0,0,2,3,1,1,2396
3,4,2,1,3,3,0,1,1,2397
0,4,3,0,4,2,1,0,0,2398
4,2,2,1,3,2,4,0,0,2399
4,1,1,2,1,2,2,1,0,2400
3,1,0,1,0,3,3,1,1,2401
1,2,1,3,3,2,0,0,0,2402
4,2,3,2,2,1,4,0,0,2403
0,4,1,2,4,1,1,1,1,2404
2,0,0,1,2,0,0,1,1,2405
2,4,1,2,2,1,0,0,0,2406
2,2,3,0,2,0,2,0,0,2407
1,1,3,3,4,3,1,1,1,2408
3,4,1,1,4,2,1,1,0,2409
0,0,0,1,4,1,3,0,0,2410
1,4,1,2,4,0,2,1,0,2411
0,3,0,0,2,3,3,1,1,2412
0,4,2,2,1,0,2,1,0,2413
3,2,0,2,1,2,1,1,0,2414
2,1,2,1,4,1,2,0,0,2415
3,1,1,2,0,3,2,0,0,2416
1,2,0,3,3,0,2,1,0,2417
1,3,2,2,0,3,4,1,1,2418
1,2,2,2,0,0,4,1,0,2419
3,4,2,1,0,0,1,1,0,2420
0,2,3,2,1,2,2,0,0,2421
0,2,1,0,3,2,1,1,0,2422
4,3,2,1,0,0,4,1,0,2423
1,4,0,2,4,1,2,0,0,2424
0,0,2,3,1,3,3,0,0,2425
4,0,3,3,4,3,4,1,1,2426
0,1,1,1,4,2,4,0,0,2427
1,2,3,1,0,1,4,0,0,2428
2,1,3,2,4,0,2,1,0,2429
1,3,3,0,3,2,0,1,1,2430
3,0,0,2,4,0,3,0,0,2431
0,2,1,3,0,0,3,1,1,2432
0,3,1,0,4,2,1,0,0,2433
3,3,0,0,1,1,2,0,0,2434
3,2,1,0,1,3,4,0,0,2435
2,3,3,2,1,2,0,1,1,2436
0,2,1,3,2,1,2,1,1,2437
0,2,0,1,1,0,2,0,0,2438
2,4,3,2,1,2,0,0,0,2439
4,1,0,1,2,3,4,1,1,2440
2,3,2,0,1,3,2,0,0,2441
1,3,3,0,0,0,3,0,0,2442
0,4,3,2,1,2,3,1,1,2443
3,4,1,3,1,3,0,1,1,2444
1,4,3,0,2,2,4,1,0,2445
0,0,0,1,0,3,0,1,1,2446
2,0,1,1,4,0,2,0,0,2447
1,0,2,2,3,0,3,1,1,2448
0,2,0,1,0,2,1,1,0,2449
4,3,2,3,4,1,0,0,0,2450
4,1,2,0,0,1,1,0,0,2451
3,2,2,1,4,0,1,0,0,2452
0,3,3,1,4,3,3,1,1,2453
4,3,0,0,0,1,0,0,0,2454
2,4,0,2,2,0,1,1,0,2455
0,4,3,1,0,3,2,0,0,2456
2,2,1,2,0,3,4,1,1,2457
2,4,2,2,4,1,4,0,0,2458
4,3,0,1,3,0,3,1,1,2459
0,4,3,3,4,3,0,1,1,2460
1,0,2,2,1,3,0,0,0,2461
4,4,1,1,0,2,4,0,0,2462
4,3,1,2,0,2,2,1,0,2463
0,2,2,0,2,1,4,0,0,2464
0,1,1,3,4,2,4,1,0,2465
2,4,0,3,2,0,0,1,1,2466
0,3,0,0,0,1,1,1,1,2467
2,1,0,0,4,1,2,0,0,2468
4,1,1,2,4,2,0,1,1,2469
3,0,0,0,1,3,4,1,1,2470
1,1,3,3,1,0,1,1,0,2471
4,3,0,0,3,0,2,1,0,2472
0,3,0,1,1,0,3,0,0,2473
1,4,1,1,4,1,2,0,0,2474
3,4,0,2,1,0,2,1,0,2475
3,4,2,3,3,3,4,0,0,2476
2,1,3,1,0,3,4,0,0,2477
1,1,1,0,1,2,3,1,1,2478
2,0,3,1,4,0,3,0,0,2479
4,4,2,1,0,1,3,0,0,2480
1,2,1,2,4,2,0,0,0,2481
4,0,1,0,0,3,0,0,0,2482
2,2,0,0,4,0,4,0,0,2483
1,1,3,0,1,3,4,0,0,2484
2,0,2,2,1,2,3,1,1,2485
1,0,2,0,3,3,0,0,0,2486
2,3,1,0,0,0,1,1,0,2487
3,1,0,1,3,0,0,1,1,2488
2,1,1,1,2,2,4,1,0,2489
3,0,1,0,1,0,0,0,0,2490
2,1,1,3,0,3,4,0,0,2491
1,0,1,3,3,3,3,1,1,2492
